study,variant,series_type,sequence,density_trend_pct_per_decade,altitude_km,uncertainty_minus_pct_per_decade,uncertainty_plus_pct_per_decade,marker,line_style,color_hex,extraction_basis,source_reference,source_url,notes,include_in_plot
Akmaev 2006,model profile,profile,0,-0.300724,40.326,,,True,solid,#d62728,Vector extraction from Brown et al. (2024) Figure 2 PDF,"Brown et al. (2024), Figure 2",https://doi.org/10.1029/2024JA032659,Plot-precision value; not a replacement for the original study data.,True
Akmaev 2006,model profile,profile,1,-0.31481,42.108,,,False,solid,#d62728,Vector extraction from Brown et al. (2024) Figure 2 PDF,"Brown et al. (2024), Figure 2",https://doi.org/10.1029/2024JA032659,Plot-precision value; not a replacement for the original study data.,True
Akmaev 2006,model profile,profile,2,-0.372013,43.901,,,False,solid,#d62728,Vector extraction from Brown et al. (2024) Figure 2 PDF,"Brown et al. (2024), Figure 2",https://doi.org/10.1029/2024JA032659,Plot-precision value; not a replacement for the original study data.,True
Akmaev 2006,model profile,profile,3,-0.429044,45.684,,,False,solid,#d62728,Vector extraction from Brown et al. (2024) Figure 2 PDF,"Brown et al. (2024), Figure 2",https://doi.org/10.1029/2024JA032659,Plot-precision value; not a replacement for the original study data.,True
Akmaev 2006,model profile,profile,4,-0.500505,47.173,,,False,solid,#d62728,Vector extraction from Brown et al. (2024) Figure 2 PDF,"Brown et al. (2024), Figure 2",https://doi.org/10.1029/2024JA032659,Plot-precision value; not a replacement for the original study data.,True
Akmaev 2006,model profile,profile,5,-0.600653,48.956,,,False,solid,#d62728,Vector extraction from Brown et al. (2024) Figure 2 PDF,"Brown et al. (2024), Figure 2",https://doi.org/10.1029/2024JA032659,Plot-precision value; not a replacement for the original study data.,True
Akmaev 2006,model profile,profile,6,-0.729317,50.729,,,False,solid,#d62728,Vector extraction from Brown et al. (2024) Figure 2 PDF,"Brown et al. (2024), Figure 2",https://doi.org/10.1029/2024JA032659,Plot-precision value; not a replacement for the original study data.,True
Akmaev 2006,model profile,profile,7,-0.87241,52.816,,,False,solid,#d62728,Vector extraction from Brown et al. (2024) Figure 2 PDF,"Brown et al. (2024), Figure 2",https://doi.org/10.1029/2024JA032659,Plot-precision value; not a replacement for the original study data.,True
Akmaev 2006,model profile,profile,8,-1.029761,54.589,,,False,solid,#d62728,Vector extraction from Brown et al. (2024) Figure 2 PDF,"Brown et al. (2024), Figure 2",https://doi.org/10.1029/2024JA032659,Plot-precision value; not a replacement for the original study data.,True
Akmaev 2006,model profile,profile,9,-1.473299,59.341,,,False,solid,#d62728,Vector extraction from Brown et al. (2024) Figure 2 PDF,"Brown et al. (2024), Figure 2",https://doi.org/10.1029/2024JA032659,Plot-precision value; not a replacement for the original study data.,True
Akmaev 2006,model profile,profile,10,-1.816517,62.897,,,False,solid,#d62728,Vector extraction from Brown et al. (2024) Figure 2 PDF,"Brown et al. (2024), Figure 2",https://doi.org/10.1029/2024JA032659,Plot-precision value; not a replacement for the original study data.,True
Akmaev 2006,model profile,profile,11,-2.174336,66.16,,,False,solid,#d62728,Vector extraction from Brown et al. (2024) Figure 2 PDF,"Brown et al. (2024), Figure 2",https://doi.org/10.1029/2024JA032659,Plot-precision value; not a replacement for the original study data.,True
Akmaev 2006,model profile,profile,12,-2.48921,68.825,,,False,solid,#d62728,Vector extraction from Brown et al. (2024) Figure 2 PDF,"Brown et al. (2024), Figure 2",https://doi.org/10.1029/2024JA032659,Plot-precision value; not a replacement for the original study data.,True
Akmaev 2006,model profile,profile,13,-2.74671,70.598,,,False,solid,#d62728,Vector extraction from Brown et al. (2024) Figure 2 PDF,"Brown et al. (2024), Figure 2",https://doi.org/10.1029/2024JA032659,Plot-precision value; not a replacement for the original study data.,True
Akmaev 2006,model profile,profile,14,-3.018639,72.068,,,False,solid,#d62728,Vector extraction from Brown et al. (2024) Figure 2 PDF,"Brown et al. (2024), Figure 2",https://doi.org/10.1029/2024JA032659,Plot-precision value; not a replacement for the original study data.,True
Akmaev 2006,model profile,profile,15,-3.319083,74.439,,,False,solid,#d62728,Vector extraction from Brown et al. (2024) Figure 2 PDF,"Brown et al. (2024), Figure 2",https://doi.org/10.1029/2024JA032659,Plot-precision value; not a replacement for the original study data.,True
Akmaev 2006,model profile,profile,16,-3.591012,76.213,,,False,solid,#d62728,Vector extraction from Brown et al. (2024) Figure 2 PDF,"Brown et al. (2024), Figure 2",https://doi.org/10.1029/2024JA032659,Plot-precision value; not a replacement for the original study data.,True
Akmaev 2006,model profile,profile,17,-3.848683,77.692,,,False,solid,#d62728,Vector extraction from Brown et al. (2024) Figure 2 PDF,"Brown et al. (2024), Figure 2",https://doi.org/10.1029/2024JA032659,Plot-precision value; not a replacement for the original study data.,True
Akmaev 2006,model profile,profile,18,-4.048979,79.172,,,False,solid,#d62728,Vector extraction from Brown et al. (2024) Figure 2 PDF,"Brown et al. (2024), Figure 2",https://doi.org/10.1029/2024JA032659,Plot-precision value; not a replacement for the original study data.,True
Akmaev 2006,model profile,profile,19,-4.163557,80.357,,,False,solid,#d62728,Vector extraction from Brown et al. (2024) Figure 2 PDF,"Brown et al. (2024), Figure 2",https://doi.org/10.1029/2024JA032659,Plot-precision value; not a replacement for the original study data.,True
Akmaev 2006,model profile,profile,20,-4.320908,82.14,,,False,solid,#d62728,Vector extraction from Brown et al. (2024) Figure 2 PDF,"Brown et al. (2024), Figure 2",https://doi.org/10.1029/2024JA032659,Plot-precision value; not a replacement for the original study data.,True
Akmaev 2006,model profile,profile,21,-4.506775,84.511,,,False,solid,#d62728,Vector extraction from Brown et al. (2024) Figure 2 PDF,"Brown et al. (2024), Figure 2",https://doi.org/10.1029/2024JA032659,Plot-precision value; not a replacement for the original study data.,True
Akmaev 2006,model profile,profile,22,-4.678384,86.588,,,False,solid,#d62728,Vector extraction from Brown et al. (2024) Figure 2 PDF,"Brown et al. (2024), Figure 2",https://doi.org/10.1029/2024JA032659,Plot-precision value; not a replacement for the original study data.,True
Akmaev 2006,model profile,profile,23,-4.778532,88.968,,,False,solid,#d62728,Vector extraction from Brown et al. (2024) Figure 2 PDF,"Brown et al. (2024), Figure 2",https://doi.org/10.1029/2024JA032659,Plot-precision value; not a replacement for the original study data.,True
Akmaev 2006,model profile,profile,24,-4.807048,90.761,,,False,solid,#d62728,Vector extraction from Brown et al. (2024) Figure 2 PDF,"Brown et al. (2024), Figure 2",https://doi.org/10.1029/2024JA032659,Plot-precision value; not a replacement for the original study data.,True
Akmaev 2006,model profile,profile,25,-4.821134,92.838,,,False,solid,#d62728,Vector extraction from Brown et al. (2024) Figure 2 PDF,"Brown et al. (2024), Figure 2",https://doi.org/10.1029/2024JA032659,Plot-precision value; not a replacement for the original study data.,True
Akmaev 2006,model profile,profile,26,-4.84965,94.033,,,False,solid,#d62728,Vector extraction from Brown et al. (2024) Figure 2 PDF,"Brown et al. (2024), Figure 2",https://doi.org/10.1029/2024JA032659,Plot-precision value; not a replacement for the original study data.,True
Akmaev 2006,model profile,profile,27,-4.964055,95.218,,,False,solid,#d62728,Vector extraction from Brown et al. (2024) Figure 2 PDF,"Brown et al. (2024), Figure 2",https://doi.org/10.1029/2024JA032659,Plot-precision value; not a replacement for the original study data.,True
Akmaev 2006,model profile,profile,28,-5.164352,96.992,,,False,solid,#d62728,Vector extraction from Brown et al. (2024) Figure 2 PDF,"Brown et al. (2024), Figure 2",https://doi.org/10.1029/2024JA032659,Plot-precision value; not a replacement for the original study data.,True
Akmaev 2006,model profile,profile,29,-5.35039,98.177,,,False,solid,#d62728,Vector extraction from Brown et al. (2024) Figure 2 PDF,"Brown et al. (2024), Figure 2",https://doi.org/10.1029/2024JA032659,Plot-precision value; not a replacement for the original study data.,True
Akmaev 2006,model profile,profile,30,-5.536601,99.059,,,False,solid,#d62728,Vector extraction from Brown et al. (2024) Figure 2 PDF,"Brown et al. (2024), Figure 2",https://doi.org/10.1029/2024JA032659,Plot-precision value; not a replacement for the original study data.,True
Akmaev 2006,model profile,profile,31,-5.765584,100.539,,,False,solid,#d62728,Vector extraction from Brown et al. (2024) Figure 2 PDF,"Brown et al. (2024), Figure 2",https://doi.org/10.1029/2024JA032659,Plot-precision value; not a replacement for the original study data.,True
Akmaev 2006,model profile,profile,32,-5.951623,101.43,,,False,solid,#d62728,Vector extraction from Brown et al. (2024) Figure 2 PDF,"Brown et al. (2024), Figure 2",https://doi.org/10.1029/2024JA032659,Plot-precision value; not a replacement for the original study data.,True
Akmaev 2006,model profile,profile,33,-6.108974,102.606,,,False,solid,#d62728,Vector extraction from Brown et al. (2024) Figure 2 PDF,"Brown et al. (2024), Figure 2",https://doi.org/10.1029/2024JA032659,Plot-precision value; not a replacement for the original study data.,True
Akmaev 2006,model profile,profile,34,-6.22338,104.095,,,False,solid,#d62728,Vector extraction from Brown et al. (2024) Figure 2 PDF,"Brown et al. (2024), Figure 2",https://doi.org/10.1029/2024JA032659,Plot-precision value; not a replacement for the original study data.,True
Akmaev 2006,model profile,profile,35,-6.30927,104.987,,,False,solid,#d62728,Vector extraction from Brown et al. (2024) Figure 2 PDF,"Brown et al. (2024), Figure 2",https://doi.org/10.1029/2024JA032659,Plot-precision value; not a replacement for the original study data.,True
Akmaev 2006,model profile,profile,36,-6.394989,106.77,,,False,solid,#d62728,Vector extraction from Brown et al. (2024) Figure 2 PDF,"Brown et al. (2024), Figure 2",https://doi.org/10.1029/2024JA032659,Plot-precision value; not a replacement for the original study data.,True
Akmaev 2006,model profile,profile,37,-6.423505,108.553,,,False,solid,#d62728,Vector extraction from Brown et al. (2024) Figure 2 PDF,"Brown et al. (2024), Figure 2",https://doi.org/10.1029/2024JA032659,Plot-precision value; not a replacement for the original study data.,True
Akmaev 2006,model profile,profile,38,-6.380388,110.345,,,False,solid,#d62728,Vector extraction from Brown et al. (2024) Figure 2 PDF,"Brown et al. (2024), Figure 2",https://doi.org/10.1029/2024JA032659,Plot-precision value; not a replacement for the original study data.,True
Akmaev 2006,model profile,profile,39,-6.308583,111.834,,,False,solid,#d62728,Vector extraction from Brown et al. (2024) Figure 2 PDF,"Brown et al. (2024), Figure 2",https://doi.org/10.1029/2024JA032659,Plot-precision value; not a replacement for the original study data.,True
Akmaev 2006,model profile,profile,40,-6.150889,114.224,,,False,solid,#d62728,Vector extraction from Brown et al. (2024) Figure 2 PDF,"Brown et al. (2024), Figure 2",https://doi.org/10.1029/2024JA032659,Plot-precision value; not a replacement for the original study data.,True
Akmaev 2006,model profile,profile,41,-5.892874,117.221,,,False,solid,#d62728,Vector extraction from Brown et al. (2024) Figure 2 PDF,"Brown et al. (2024), Figure 2",https://doi.org/10.1029/2024JA032659,Plot-precision value; not a replacement for the original study data.,True
Akmaev 2006,model profile,profile,42,-5.649289,119.611,,,False,solid,#d62728,Vector extraction from Brown et al. (2024) Figure 2 PDF,"Brown et al. (2024), Figure 2",https://doi.org/10.1029/2024JA032659,Plot-precision value; not a replacement for the original study data.,True
Akmaev 2006,model profile,profile,43,-5.362587,122.911,,,False,solid,#d62728,Vector extraction from Brown et al. (2024) Figure 2 PDF,"Brown et al. (2024), Figure 2",https://doi.org/10.1029/2024JA032659,Plot-precision value; not a replacement for the original study data.,True
Akmaev 2006,model profile,profile,44,-5.161775,125.301,,,False,solid,#d62728,Vector extraction from Brown et al. (2024) Figure 2 PDF,"Brown et al. (2024), Figure 2",https://doi.org/10.1029/2024JA032659,Plot-precision value; not a replacement for the original study data.,True
Akmaev 2006,model profile,profile,45,-5.004252,127.094,,,False,solid,#d62728,Vector extraction from Brown et al. (2024) Figure 2 PDF,"Brown et al. (2024), Figure 2",https://doi.org/10.1029/2024JA032659,Plot-precision value; not a replacement for the original study data.,True
Akmaev 2006,model profile,profile,46,-4.80344,130.091,,,False,solid,#d62728,Vector extraction from Brown et al. (2024) Figure 2 PDF,"Brown et al. (2024), Figure 2",https://doi.org/10.1029/2024JA032659,Plot-precision value; not a replacement for the original study data.,True
Akmaev 2006,model profile,profile,47,-4.602629,133.372,,,False,solid,#d62728,Vector extraction from Brown et al. (2024) Figure 2 PDF,"Brown et al. (2024), Figure 2",https://doi.org/10.1029/2024JA032659,Plot-precision value; not a replacement for the original study data.,True
Akmaev 2006,model profile,profile,48,-4.459192,135.762,,,False,solid,#d62728,Vector extraction from Brown et al. (2024) Figure 2 PDF,"Brown et al. (2024), Figure 2",https://doi.org/10.1029/2024JA032659,Plot-precision value; not a replacement for the original study data.,True
Akmaev 2006,model profile,profile,49,-4.301325,139.347,,,False,solid,#d62728,Vector extraction from Brown et al. (2024) Figure 2 PDF,"Brown et al. (2024), Figure 2",https://doi.org/10.1029/2024JA032659,Plot-precision value; not a replacement for the original study data.,True
Akmaev 2006,model profile,profile,50,-4.143459,144.127,,,False,solid,#d62728,Vector extraction from Brown et al. (2024) Figure 2 PDF,"Brown et al. (2024), Figure 2",https://doi.org/10.1029/2024JA032659,Plot-precision value; not a replacement for the original study data.,True
Akmaev 2006,model profile,profile,51,-4.028538,147.996,,,False,solid,#d62728,Vector extraction from Brown et al. (2024) Figure 2 PDF,"Brown et al. (2024), Figure 2",https://doi.org/10.1029/2024JA032659,Plot-precision value; not a replacement for the original study data.,True
Akmaev 2006,model profile,profile,52,-3.942304,151.287,,,False,solid,#d62728,Vector extraction from Brown et al. (2024) Figure 2 PDF,"Brown et al. (2024), Figure 2",https://doi.org/10.1029/2024JA032659,Plot-precision value; not a replacement for the original study data.,True
Akmaev 2006,model profile,profile,53,-3.84164,156.949,,,False,solid,#d62728,Vector extraction from Brown et al. (2024) Figure 2 PDF,"Brown et al. (2024), Figure 2",https://doi.org/10.1029/2024JA032659,Plot-precision value; not a replacement for the original study data.,True
Akmaev 2006,model profile,profile,54,-3.769664,162.013,,,False,solid,#d62728,Vector extraction from Brown et al. (2024) Figure 2 PDF,"Brown et al. (2024), Figure 2",https://doi.org/10.1029/2024JA032659,Plot-precision value; not a replacement for the original study data.,True
Akmaev 2006,model profile,profile,55,-3.697344,168.282,,,False,solid,#d62728,Vector extraction from Brown et al. (2024) Figure 2 PDF,"Brown et al. (2024), Figure 2",https://doi.org/10.1029/2024JA032659,Plot-precision value; not a replacement for the original study data.,True
Akmaev 2006,model profile,profile,56,-3.625196,175.727,,,False,solid,#d62728,Vector extraction from Brown et al. (2024) Figure 2 PDF,"Brown et al. (2024), Figure 2",https://doi.org/10.1029/2024JA032659,Plot-precision value; not a replacement for the original study data.,True
Akmaev 2006,model profile,profile,57,-3.581564,181.398,,,False,solid,#d62728,Vector extraction from Brown et al. (2024) Figure 2 PDF,"Brown et al. (2024), Figure 2",https://doi.org/10.1029/2024JA032659,Plot-precision value; not a replacement for the original study data.,True
Akmaev 2006,model profile,profile,58,-3.538275,187.06,,,False,solid,#d62728,Vector extraction from Brown et al. (2024) Figure 2 PDF,"Brown et al. (2024), Figure 2",https://doi.org/10.1029/2024JA032659,Plot-precision value; not a replacement for the original study data.,True
Akmaev 2006,model profile,profile,59,-3.523502,191.821,,,False,solid,#d62728,Vector extraction from Brown et al. (2024) Figure 2 PDF,"Brown et al. (2024), Figure 2",https://doi.org/10.1029/2024JA032659,Plot-precision value; not a replacement for the original study data.,True
Akmaev 2006,model profile,profile,60,-3.508901,194.809,,,False,solid,#d62728,Vector extraction from Brown et al. (2024) Figure 2 PDF,"Brown et al. (2024), Figure 2",https://doi.org/10.1029/2024JA032659,Plot-precision value; not a replacement for the original study data.,True
Akmaev 2006,model profile,profile,61,-3.537245,196.886,,,False,solid,#d62728,Vector extraction from Brown et al. (2024) Figure 2 PDF,"Brown et al. (2024), Figure 2",https://doi.org/10.1029/2024JA032659,Plot-precision value; not a replacement for the original study data.,True
Akmaev 2006,model profile,profile,62,-3.537073,200.167,,,True,solid,#d62728,Vector extraction from Brown et al. (2024) Figure 2 PDF,"Brown et al. (2024), Figure 2",https://doi.org/10.1029/2024JA032659,Plot-precision value; not a replacement for the original study data.,True
Cnossen 2009,dashed profile,profile,0,-0.185974,49.999,,,True,dash,#8c564b,Vector extraction from Brown et al. (2024) Figure 2 PDF,"Brown et al. (2024), Figure 2",https://doi.org/10.1029/2024JA032659,Plot-precision value; not a replacement for the original study data.,True
Cnossen 2009,dashed profile,profile,1,-0.257607,54.997,,,False,dash,#8c564b,Vector extraction from Brown et al. (2024) Figure 2 PDF,"Brown et al. (2024), Figure 2",https://doi.org/10.1029/2024JA032659,Plot-precision value; not a replacement for the original study data.,True
Cnossen 2009,dashed profile,profile,2,-0.375448,59.995,,,False,dash,#8c564b,Vector extraction from Brown et al. (2024) Figure 2 PDF,"Brown et al. (2024), Figure 2",https://doi.org/10.1029/2024JA032659,Plot-precision value; not a replacement for the original study data.,True
Cnossen 2009,dashed profile,profile,3,-0.545339,64.993,,,False,dash,#8c564b,Vector extraction from Brown et al. (2024) Figure 2 PDF,"Brown et al. (2024), Figure 2",https://doi.org/10.1029/2024JA032659,Plot-precision value; not a replacement for the original study data.,True
Cnossen 2009,dashed profile,profile,4,-0.792017,69.991,,,False,dash,#8c564b,Vector extraction from Brown et al. (2024) Figure 2 PDF,"Brown et al. (2024), Figure 2",https://doi.org/10.1029/2024JA032659,Plot-precision value; not a replacement for the original study data.,True
Cnossen 2009,dashed profile,profile,5,-1.079578,74.999,,,False,dash,#8c564b,Vector extraction from Brown et al. (2024) Figure 2 PDF,"Brown et al. (2024), Figure 2",https://doi.org/10.1029/2024JA032659,Plot-precision value; not a replacement for the original study data.,True
Cnossen 2009,dashed profile,profile,6,-1.445986,79.997,,,False,dash,#8c564b,Vector extraction from Brown et al. (2024) Figure 2 PDF,"Brown et al. (2024), Figure 2",https://doi.org/10.1029/2024JA032659,Plot-precision value; not a replacement for the original study data.,True
Cnossen 2009,dashed profile,profile,7,-1.659338,84.995,,,False,dash,#8c564b,Vector extraction from Brown et al. (2024) Figure 2 PDF,"Brown et al. (2024), Figure 2",https://doi.org/10.1029/2024JA032659,Plot-precision value; not a replacement for the original study data.,True
Cnossen 2009,dashed profile,profile,8,-1.820811,89.993,,,False,dash,#8c564b,Vector extraction from Brown et al. (2024) Figure 2 PDF,"Brown et al. (2024), Figure 2",https://doi.org/10.1029/2024JA032659,Plot-precision value; not a replacement for the original study data.,True
Cnossen 2009,dashed profile,profile,9,-2.136029,95.0,,,False,dash,#8c564b,Vector extraction from Brown et al. (2024) Figure 2 PDF,"Brown et al. (2024), Figure 2",https://doi.org/10.1029/2024JA032659,Plot-precision value; not a replacement for the original study data.,True
Cnossen 2009,dashed profile,profile,10,-2.591592,99.989,,,False,dash,#8c564b,Vector extraction from Brown et al. (2024) Figure 2 PDF,"Brown et al. (2024), Figure 2",https://doi.org/10.1029/2024JA032659,Plot-precision value; not a replacement for the original study data.,True
Cnossen 2009,dashed profile,profile,11,-3.004209,104.996,,,False,dash,#8c564b,Vector extraction from Brown et al. (2024) Figure 2 PDF,"Brown et al. (2024), Figure 2",https://doi.org/10.1029/2024JA032659,Plot-precision value; not a replacement for the original study data.,True
Cnossen 2009,dashed profile,profile,12,-3.057976,109.994,,,False,dash,#8c564b,Vector extraction from Brown et al. (2024) Figure 2 PDF,"Brown et al. (2024), Figure 2",https://doi.org/10.1029/2024JA032659,Plot-precision value; not a replacement for the original study data.,True
Cnossen 2009,dashed profile,profile,13,-2.756673,114.992,,,False,dash,#8c564b,Vector extraction from Brown et al. (2024) Figure 2 PDF,"Brown et al. (2024), Figure 2",https://doi.org/10.1029/2024JA032659,Plot-precision value; not a replacement for the original study data.,True
Cnossen 2009,dashed profile,profile,14,-2.330485,119.99,,,False,dash,#8c564b,Vector extraction from Brown et al. (2024) Figure 2 PDF,"Brown et al. (2024), Figure 2",https://doi.org/10.1029/2024JA032659,Plot-precision value; not a replacement for the original study data.,True
Cnossen 2009,dashed profile,profile,15,-2.260055,124.998,,,False,dash,#8c564b,Vector extraction from Brown et al. (2024) Figure 2 PDF,"Brown et al. (2024), Figure 2",https://doi.org/10.1029/2024JA032659,Plot-precision value; not a replacement for the original study data.,True
Cnossen 2009,dashed profile,profile,16,-2.043783,129.996,,,False,dash,#8c564b,Vector extraction from Brown et al. (2024) Figure 2 PDF,"Brown et al. (2024), Figure 2",https://doi.org/10.1029/2024JA032659,Plot-precision value; not a replacement for the original study data.,True
Cnossen 2009,dashed profile,profile,17,-1.696614,134.994,,,False,dash,#8c564b,Vector extraction from Brown et al. (2024) Figure 2 PDF,"Brown et al. (2024), Figure 2",https://doi.org/10.1029/2024JA032659,Plot-precision value; not a replacement for the original study data.,True
Cnossen 2009,dashed profile,profile,18,-1.946211,139.992,,,False,dash,#8c564b,Vector extraction from Brown et al. (2024) Figure 2 PDF,"Brown et al. (2024), Figure 2",https://doi.org/10.1029/2024JA032659,Plot-precision value; not a replacement for the original study data.,True
Cnossen 2009,dashed profile,profile,19,-1.814112,144.999,,,False,dash,#8c564b,Vector extraction from Brown et al. (2024) Figure 2 PDF,"Brown et al. (2024), Figure 2",https://doi.org/10.1029/2024JA032659,Plot-precision value; not a replacement for the original study data.,True
Cnossen 2009,dashed profile,profile,20,-1.609865,149.997,,,False,dash,#8c564b,Vector extraction from Brown et al. (2024) Figure 2 PDF,"Brown et al. (2024), Figure 2",https://doi.org/10.1029/2024JA032659,Plot-precision value; not a replacement for the original study data.,True
Cnossen 2009,dashed profile,profile,21,-1.619141,154.995,,,False,dash,#8c564b,Vector extraction from Brown et al. (2024) Figure 2 PDF,"Brown et al. (2024), Figure 2",https://doi.org/10.1029/2024JA032659,Plot-precision value; not a replacement for the original study data.,True
Cnossen 2009,dashed profile,profile,22,-1.580834,159.993,,,False,dash,#8c564b,Vector extraction from Brown et al. (2024) Figure 2 PDF,"Brown et al. (2024), Figure 2",https://doi.org/10.1029/2024JA032659,Plot-precision value; not a replacement for the original study data.,True
Cnossen 2009,dashed profile,profile,23,-1.520882,164.991,,,False,dash,#8c564b,Vector extraction from Brown et al. (2024) Figure 2 PDF,"Brown et al. (2024), Figure 2",https://doi.org/10.1029/2024JA032659,Plot-precision value; not a replacement for the original study data.,True
Cnossen 2009,dashed profile,profile,24,-1.478624,169.989,,,False,dash,#8c564b,Vector extraction from Brown et al. (2024) Figure 2 PDF,"Brown et al. (2024), Figure 2",https://doi.org/10.1029/2024JA032659,Plot-precision value; not a replacement for the original study data.,True
Cnossen 2009,dashed profile,profile,25,-1.389126,174.997,,,False,dash,#8c564b,Vector extraction from Brown et al. (2024) Figure 2 PDF,"Brown et al. (2024), Figure 2",https://doi.org/10.1029/2024JA032659,Plot-precision value; not a replacement for the original study data.,True
Cnossen 2009,dashed profile,profile,26,-1.268021,179.995,,,False,dash,#8c564b,Vector extraction from Brown et al. (2024) Figure 2 PDF,"Brown et al. (2024), Figure 2",https://doi.org/10.1029/2024JA032659,Plot-precision value; not a replacement for the original study data.,True
Cnossen 2009,dashed profile,profile,27,-1.25153,184.993,,,False,dash,#8c564b,Vector extraction from Brown et al. (2024) Figure 2 PDF,"Brown et al. (2024), Figure 2",https://doi.org/10.1029/2024JA032659,Plot-precision value; not a replacement for the original study data.,True
Cnossen 2009,dashed profile,profile,28,-1.194842,189.991,,,False,dash,#8c564b,Vector extraction from Brown et al. (2024) Figure 2 PDF,"Brown et al. (2024), Figure 2",https://doi.org/10.1029/2024JA032659,Plot-precision value; not a replacement for the original study data.,True
Cnossen 2009,dashed profile,profile,29,-1.170106,194.998,,,False,dash,#8c564b,Vector extraction from Brown et al. (2024) Figure 2 PDF,"Brown et al. (2024), Figure 2",https://doi.org/10.1029/2024JA032659,Plot-precision value; not a replacement for the original study data.,True
Cnossen 2009,dashed profile,profile,30,-1.138327,199.996,,,False,dash,#8c564b,Vector extraction from Brown et al. (2024) Figure 2 PDF,"Brown et al. (2024), Figure 2",https://doi.org/10.1029/2024JA032659,Plot-precision value; not a replacement for the original study data.,True
Cnossen 2009,dashed profile,profile,31,-1.123897,204.994,,,False,dash,#8c564b,Vector extraction from Brown et al. (2024) Figure 2 PDF,"Brown et al. (2024), Figure 2",https://doi.org/10.1029/2024JA032659,Plot-precision value; not a replacement for the original study data.,True
Cnossen 2009,dashed profile,profile,32,-1.092118,209.992,,,False,dash,#8c564b,Vector extraction from Brown et al. (2024) Figure 2 PDF,"Brown et al. (2024), Figure 2",https://doi.org/10.1029/2024JA032659,Plot-precision value; not a replacement for the original study data.,True
Cnossen 2009,dashed profile,profile,33,-1.086105,214.99,,,False,dash,#8c564b,Vector extraction from Brown et al. (2024) Figure 2 PDF,"Brown et al. (2024), Figure 2",https://doi.org/10.1029/2024JA032659,Plot-precision value; not a replacement for the original study data.,True
Cnossen 2009,dashed profile,profile,34,-1.070473,219.998,,,False,dash,#8c564b,Vector extraction from Brown et al. (2024) Figure 2 PDF,"Brown et al. (2024), Figure 2",https://doi.org/10.1029/2024JA032659,Plot-precision value; not a replacement for the original study data.,True
Cnossen 2009,dashed profile,profile,35,-1.044878,224.996,,,False,dash,#8c564b,Vector extraction from Brown et al. (2024) Figure 2 PDF,"Brown et al. (2024), Figure 2",https://doi.org/10.1029/2024JA032659,Plot-precision value; not a replacement for the original study data.,True
Cnossen 2009,dashed profile,profile,36,-1.042988,229.994,,,False,dash,#8c564b,Vector extraction from Brown et al. (2024) Figure 2 PDF,"Brown et al. (2024), Figure 2",https://doi.org/10.1029/2024JA032659,Plot-precision value; not a replacement for the original study data.,True
Cnossen 2009,dashed profile,profile,37,-1.019626,234.992,,,False,dash,#8c564b,Vector extraction from Brown et al. (2024) Figure 2 PDF,"Brown et al. (2024), Figure 2",https://doi.org/10.1029/2024JA032659,Plot-precision value; not a replacement for the original study data.,True
Cnossen 2009,dashed profile,profile,38,-0.990939,239.999,,,False,dash,#8c564b,Vector extraction from Brown et al. (2024) Figure 2 PDF,"Brown et al. (2024), Figure 2",https://doi.org/10.1029/2024JA032659,Plot-precision value; not a replacement for the original study data.,True
Cnossen 2009,dashed profile,profile,39,-0.942668,244.997,,,False,dash,#8c564b,Vector extraction from Brown et al. (2024) Figure 2 PDF,"Brown et al. (2024), Figure 2",https://doi.org/10.1029/2024JA032659,Plot-precision value; not a replacement for the original study data.,True
Cnossen 2009,dashed profile,profile,40,-0.885981,249.996,,,False,dash,#8c564b,Vector extraction from Brown et al. (2024) Figure 2 PDF,"Brown et al. (2024), Figure 2",https://doi.org/10.1029/2024JA032659,Plot-precision value; not a replacement for the original study data.,True
Cnossen 2009,dashed profile,profile,41,-0.87052,254.994,,,False,dash,#8c564b,Vector extraction from Brown et al. (2024) Figure 2 PDF,"Brown et al. (2024), Figure 2",https://doi.org/10.1029/2024JA032659,Plot-precision value; not a replacement for the original study data.,True
Cnossen 2009,dashed profile,profile,42,-0.882201,260.001,,,False,dash,#8c564b,Vector extraction from Brown et al. (2024) Figure 2 PDF,"Brown et al. (2024), Figure 2",https://doi.org/10.1029/2024JA032659,Plot-precision value; not a replacement for the original study data.,True
Cnossen 2009,dashed profile,profile,43,-0.917417,264.999,,,False,dash,#8c564b,Vector extraction from Brown et al. (2024) Figure 2 PDF,"Brown et al. (2024), Figure 2",https://doi.org/10.1029/2024JA032659,Plot-precision value; not a replacement for the original study data.,True
Cnossen 2009,dashed profile,profile,44,-0.963626,269.997,,,False,dash,#8c564b,Vector extraction from Brown et al. (2024) Figure 2 PDF,"Brown et al. (2024), Figure 2",https://doi.org/10.1029/2024JA032659,Plot-precision value; not a replacement for the original study data.,True
Cnossen 2009,dashed profile,profile,45,-0.983896,274.995,,,True,dash,#8c564b,Vector extraction from Brown et al. (2024) Figure 2 PDF,"Brown et al. (2024), Figure 2",https://doi.org/10.1029/2024JA032659,Plot-precision value; not a replacement for the original study data.,True
Cnossen 2009,solid profile,profile,0,-0.190956,49.999,,,True,solid,#8c564b,Vector extraction from Brown et al. (2024) Figure 2 PDF,"Brown et al. (2024), Figure 2",https://doi.org/10.1029/2024JA032659,Plot-precision value; not a replacement for the original study data.,True
Cnossen 2009,solid profile,profile,1,-0.254515,54.997,,,False,solid,#8c564b,Vector extraction from Brown et al. (2024) Figure 2 PDF,"Brown et al. (2024), Figure 2",https://doi.org/10.1029/2024JA032659,Plot-precision value; not a replacement for the original study data.,True
Cnossen 2009,solid profile,profile,2,-0.374933,59.995,,,False,solid,#8c564b,Vector extraction from Brown et al. (2024) Figure 2 PDF,"Brown et al. (2024), Figure 2",https://doi.org/10.1029/2024JA032659,Plot-precision value; not a replacement for the original study data.,True
Cnossen 2009,solid profile,profile,3,-0.552382,64.993,,,False,solid,#8c564b,Vector extraction from Brown et al. (2024) Figure 2 PDF,"Brown et al. (2024), Figure 2",https://doi.org/10.1029/2024JA032659,Plot-precision value; not a replacement for the original study data.,True
Cnossen 2009,solid profile,profile,4,-0.776213,69.991,,,False,solid,#8c564b,Vector extraction from Brown et al. (2024) Figure 2 PDF,"Brown et al. (2024), Figure 2",https://doi.org/10.1029/2024JA032659,Plot-precision value; not a replacement for the original study data.,True
Cnossen 2009,solid profile,profile,5,-1.083872,74.999,,,False,solid,#8c564b,Vector extraction from Brown et al. (2024) Figure 2 PDF,"Brown et al. (2024), Figure 2",https://doi.org/10.1029/2024JA032659,Plot-precision value; not a replacement for the original study data.,True
Cnossen 2009,solid profile,profile,6,-1.421765,79.997,,,False,solid,#8c564b,Vector extraction from Brown et al. (2024) Figure 2 PDF,"Brown et al. (2024), Figure 2",https://doi.org/10.1029/2024JA032659,Plot-precision value; not a replacement for the original study data.,True
Cnossen 2009,solid profile,profile,7,-1.676859,84.995,,,False,solid,#8c564b,Vector extraction from Brown et al. (2024) Figure 2 PDF,"Brown et al. (2024), Figure 2",https://doi.org/10.1029/2024JA032659,Plot-precision value; not a replacement for the original study data.,True
Cnossen 2009,solid profile,profile,8,-1.821842,89.993,,,False,solid,#8c564b,Vector extraction from Brown et al. (2024) Figure 2 PDF,"Brown et al. (2024), Figure 2",https://doi.org/10.1029/2024JA032659,Plot-precision value; not a replacement for the original study data.,True
Cnossen 2009,solid profile,profile,9,-2.137232,95.0,,,False,solid,#8c564b,Vector extraction from Brown et al. (2024) Figure 2 PDF,"Brown et al. (2024), Figure 2",https://doi.org/10.1029/2024JA032659,Plot-precision value; not a replacement for the original study data.,True
Cnossen 2009,solid profile,profile,10,-2.573555,99.989,,,False,solid,#8c564b,Vector extraction from Brown et al. (2024) Figure 2 PDF,"Brown et al. (2024), Figure 2",https://doi.org/10.1029/2024JA032659,Plot-precision value; not a replacement for the original study data.,True
Cnossen 2009,solid profile,profile,11,-2.949754,104.996,,,False,solid,#8c564b,Vector extraction from Brown et al. (2024) Figure 2 PDF,"Brown et al. (2024), Figure 2",https://doi.org/10.1029/2024JA032659,Plot-precision value; not a replacement for the original study data.,True
Cnossen 2009,solid profile,profile,12,-2.950957,109.994,,,False,solid,#8c564b,Vector extraction from Brown et al. (2024) Figure 2 PDF,"Brown et al. (2024), Figure 2",https://doi.org/10.1029/2024JA032659,Plot-precision value; not a replacement for the original study data.,True
Cnossen 2009,solid profile,profile,13,-2.568573,114.992,,,False,solid,#8c564b,Vector extraction from Brown et al. (2024) Figure 2 PDF,"Brown et al. (2024), Figure 2",https://doi.org/10.1029/2024JA032659,Plot-precision value; not a replacement for the original study data.,True
Cnossen 2009,solid profile,profile,14,-2.329282,119.99,,,False,solid,#8c564b,Vector extraction from Brown et al. (2024) Figure 2 PDF,"Brown et al. (2024), Figure 2",https://doi.org/10.1029/2024JA032659,Plot-precision value; not a replacement for the original study data.,True
Cnossen 2009,solid profile,profile,15,-2.172275,124.998,,,False,solid,#8c564b,Vector extraction from Brown et al. (2024) Figure 2 PDF,"Brown et al. (2024), Figure 2",https://doi.org/10.1029/2024JA032659,Plot-precision value; not a replacement for the original study data.,True
Cnossen 2009,solid profile,profile,16,-2.088274,129.996,,,False,solid,#8c564b,Vector extraction from Brown et al. (2024) Figure 2 PDF,"Brown et al. (2024), Figure 2",https://doi.org/10.1029/2024JA032659,Plot-precision value; not a replacement for the original study data.,True
Cnossen 2009,solid profile,profile,17,-2.23738,134.994,,,False,solid,#8c564b,Vector extraction from Brown et al. (2024) Figure 2 PDF,"Brown et al. (2024), Figure 2",https://doi.org/10.1029/2024JA032659,Plot-precision value; not a replacement for the original study data.,True
Cnossen 2009,solid profile,profile,18,-2.1149,139.992,,,False,solid,#8c564b,Vector extraction from Brown et al. (2024) Figure 2 PDF,"Brown et al. (2024), Figure 2",https://doi.org/10.1029/2024JA032659,Plot-precision value; not a replacement for the original study data.,True
Cnossen 2009,solid profile,profile,19,-1.982285,144.999,,,False,solid,#8c564b,Vector extraction from Brown et al. (2024) Figure 2 PDF,"Brown et al. (2024), Figure 2",https://doi.org/10.1029/2024JA032659,Plot-precision value; not a replacement for the original study data.,True
Cnossen 2009,solid profile,profile,20,-2.086213,149.997,,,False,solid,#8c564b,Vector extraction from Brown et al. (2024) Figure 2 PDF,"Brown et al. (2024), Figure 2",https://doi.org/10.1029/2024JA032659,Plot-precision value; not a replacement for the original study data.,True
Cnossen 2009,solid profile,profile,21,-1.974727,154.995,,,False,solid,#8c564b,Vector extraction from Brown et al. (2024) Figure 2 PDF,"Brown et al. (2024), Figure 2",https://doi.org/10.1029/2024JA032659,Plot-precision value; not a replacement for the original study data.,True
Cnossen 2009,solid profile,profile,22,-2.013549,159.993,,,False,solid,#8c564b,Vector extraction from Brown et al. (2024) Figure 2 PDF,"Brown et al. (2024), Figure 2",https://doi.org/10.1029/2024JA032659,Plot-precision value; not a replacement for the original study data.,True
Cnossen 2009,solid profile,profile,23,-1.959095,164.991,,,False,solid,#8c564b,Vector extraction from Brown et al. (2024) Figure 2 PDF,"Brown et al. (2024), Figure 2",https://doi.org/10.1029/2024JA032659,Plot-precision value; not a replacement for the original study data.,True
Cnossen 2009,solid profile,profile,24,-1.985377,169.989,,,False,solid,#8c564b,Vector extraction from Brown et al. (2024) Figure 2 PDF,"Brown et al. (2024), Figure 2",https://doi.org/10.1029/2024JA032659,Plot-precision value; not a replacement for the original study data.,True
Cnossen 2009,solid profile,profile,25,-1.982801,174.997,,,False,solid,#8c564b,Vector extraction from Brown et al. (2024) Figure 2 PDF,"Brown et al. (2024), Figure 2",https://doi.org/10.1029/2024JA032659,Plot-precision value; not a replacement for the original study data.,True
Cnossen 2009,solid profile,profile,26,-1.971979,179.995,,,False,solid,#8c564b,Vector extraction from Brown et al. (2024) Figure 2 PDF,"Brown et al. (2024), Figure 2",https://doi.org/10.1029/2024JA032659,Plot-precision value; not a replacement for the original study data.,True
Cnossen 2009,solid profile,profile,27,-1.986065,184.993,,,False,solid,#8c564b,Vector extraction from Brown et al. (2024) Figure 2 PDF,"Brown et al. (2024), Figure 2",https://doi.org/10.1029/2024JA032659,Plot-precision value; not a replacement for the original study data.,True
Cnossen 2009,solid profile,profile,28,-1.993623,189.991,,,False,solid,#8c564b,Vector extraction from Brown et al. (2024) Figure 2 PDF,"Brown et al. (2024), Figure 2",https://doi.org/10.1029/2024JA032659,Plot-precision value; not a replacement for the original study data.,True
Cnossen 2009,solid profile,profile,29,-2.005648,194.998,,,False,solid,#8c564b,Vector extraction from Brown et al. (2024) Figure 2 PDF,"Brown et al. (2024), Figure 2",https://doi.org/10.1029/2024JA032659,Plot-precision value; not a replacement for the original study data.,True
Cnossen 2009,solid profile,profile,30,-1.922677,199.996,,,False,solid,#8c564b,Vector extraction from Brown et al. (2024) Figure 2 PDF,"Brown et al. (2024), Figure 2",https://doi.org/10.1029/2024JA032659,Plot-precision value; not a replacement for the original study data.,True
Cnossen 2009,solid profile,profile,31,-1.803118,204.994,,,False,solid,#8c564b,Vector extraction from Brown et al. (2024) Figure 2 PDF,"Brown et al. (2024), Figure 2",https://doi.org/10.1029/2024JA032659,Plot-precision value; not a replacement for the original study data.,True
Cnossen 2009,solid profile,profile,32,-1.808959,209.992,,,False,solid,#8c564b,Vector extraction from Brown et al. (2024) Figure 2 PDF,"Brown et al. (2024), Figure 2",https://doi.org/10.1029/2024JA032659,Plot-precision value; not a replacement for the original study data.,True
Cnossen 2009,solid profile,profile,33,-1.872174,214.99,,,False,solid,#8c564b,Vector extraction from Brown et al. (2024) Figure 2 PDF,"Brown et al. (2024), Figure 2",https://doi.org/10.1029/2024JA032659,Plot-precision value; not a replacement for the original study data.,True
Cnossen 2009,solid profile,profile,34,-2.101845,219.998,,,False,solid,#8c564b,Vector extraction from Brown et al. (2024) Figure 2 PDF,"Brown et al. (2024), Figure 2",https://doi.org/10.1029/2024JA032659,Plot-precision value; not a replacement for the original study data.,True
Cnossen 2009,solid profile,profile,35,-2.075047,224.996,,,False,solid,#8c564b,Vector extraction from Brown et al. (2024) Figure 2 PDF,"Brown et al. (2024), Figure 2",https://doi.org/10.1029/2024JA032659,Plot-precision value; not a replacement for the original study data.,True
Cnossen 2009,solid profile,profile,36,-2.148397,229.994,,,False,solid,#8c564b,Vector extraction from Brown et al. (2024) Figure 2 PDF,"Brown et al. (2024), Figure 2",https://doi.org/10.1029/2024JA032659,Plot-precision value; not a replacement for the original study data.,True
Cnossen 2009,solid profile,profile,37,-2.230165,234.992,,,False,solid,#8c564b,Vector extraction from Brown et al. (2024) Figure 2 PDF,"Brown et al. (2024), Figure 2",https://doi.org/10.1029/2024JA032659,Plot-precision value; not a replacement for the original study data.,True
Cnossen 2009,solid profile,profile,38,-2.27603,239.999,,,False,solid,#8c564b,Vector extraction from Brown et al. (2024) Figure 2 PDF,"Brown et al. (2024), Figure 2",https://doi.org/10.1029/2024JA032659,Plot-precision value; not a replacement for the original study data.,True
Cnossen 2009,solid profile,profile,39,-2.330141,244.997,,,False,solid,#8c564b,Vector extraction from Brown et al. (2024) Figure 2 PDF,"Brown et al. (2024), Figure 2",https://doi.org/10.1029/2024JA032659,Plot-precision value; not a replacement for the original study data.,True
Cnossen 2009,solid profile,profile,40,-2.276202,249.996,,,False,solid,#8c564b,Vector extraction from Brown et al. (2024) Figure 2 PDF,"Brown et al. (2024), Figure 2",https://doi.org/10.1029/2024JA032659,Plot-precision value; not a replacement for the original study data.,True
Cnossen 2009,solid profile,profile,41,-2.221748,254.994,,,False,solid,#8c564b,Vector extraction from Brown et al. (2024) Figure 2 PDF,"Brown et al. (2024), Figure 2",https://doi.org/10.1029/2024JA032659,Plot-precision value; not a replacement for the original study data.,True
Cnossen 2009,solid profile,profile,42,-2.31554,260.001,,,False,solid,#8c564b,Vector extraction from Brown et al. (2024) Figure 2 PDF,"Brown et al. (2024), Figure 2",https://doi.org/10.1029/2024JA032659,Plot-precision value; not a replacement for the original study data.,True
Cnossen 2009,solid profile,profile,43,-2.318976,264.999,,,False,solid,#8c564b,Vector extraction from Brown et al. (2024) Figure 2 PDF,"Brown et al. (2024), Figure 2",https://doi.org/10.1029/2024JA032659,Plot-precision value; not a replacement for the original study data.,True
Cnossen 2009,solid profile,profile,44,-2.468253,269.997,,,False,solid,#8c564b,Vector extraction from Brown et al. (2024) Figure 2 PDF,"Brown et al. (2024), Figure 2",https://doi.org/10.1029/2024JA032659,Plot-precision value; not a replacement for the original study data.,True
Cnossen 2009,solid profile,profile,45,-2.708231,274.995,,,True,solid,#8c564b,Vector extraction from Brown et al. (2024) Figure 2 PDF,"Brown et al. (2024), Figure 2",https://doi.org/10.1029/2024JA032659,Plot-precision value; not a replacement for the original study data.,True
Cnossen 2020,400 km estimate,point,0,-2.8,400,0.6,0.6,True,none,#00008b,Brown et al. (2024) Table 2,"Brown et al. (2024), Figure 2",https://doi.org/10.1029/2024JA032659,,True
Emmert 2004,single profile,profile,0,-2.272079,243.973,,,True,solid,#ff7f0e,Vector extraction from Brown et al. (2024) Figure 2 PDF,"Brown et al. (2024), Figure 2",https://doi.org/10.1029/2024JA032659,Plot-precision value; not a replacement for the original study data.,True
Emmert 2004,single profile,profile,1,-4.089863,719.107,,,True,solid,#ff7f0e,Vector extraction from Brown et al. (2024) Figure 2 PDF,"Brown et al. (2024), Figure 2",https://doi.org/10.1029/2024JA032659,Plot-precision value; not a replacement for the original study data.,True
Emmert 2008,400 km estimate,point,0,-2.679972,400,0.49000456940344894,0.49000456940344894,True,none,#9467bd,Vector extraction from Brown et al. (2024) Figure 2 PDF,"Brown et al. (2024), Figure 2",https://doi.org/10.1029/2024JA032659,Center and horizontal interval recovered from plotted vector geometry.,True
Emmert 2011,250 km estimate,point,0,-1.652122,250,1.2174101438525742,1.2174101438525742,True,none,#7f7f7f,Vector extraction from Brown et al. (2024) Figure 2 PDF,"Brown et al. (2024), Figure 2",https://doi.org/10.1029/2024JA032659,Center and horizontal interval recovered from plotted vector geometry.,True
Emmert 2011,400 km estimate,point,0,-1.956432,400,1.3188466716786205,1.3188466716786205,True,none,#7f7f7f,Vector extraction from Brown et al. (2024) Figure 2 PDF,"Brown et al. (2024), Figure 2",https://doi.org/10.1029/2024JA032659,Center and horizontal interval recovered from plotted vector geometry.,True
Emmert 2015,1967–2005,profile,0,-2.463787,251.02,,,True,solid,#17becf,Vector extraction from Brown et al. (2024) Figure 2 PDF,"Brown et al. (2024), Figure 2",https://doi.org/10.1029/2024JA032659,Plot-precision value; not a replacement for the original study data.,True
Emmert 2015,1967–2005,profile,1,-2.532671,269.921,,,False,solid,#17becf,Vector extraction from Brown et al. (2024) Figure 2 PDF,"Brown et al. (2024), Figure 2",https://doi.org/10.1029/2024JA032659,Plot-precision value; not a replacement for the original study data.,True
Emmert 2015,1967–2005,profile,2,-2.62904,297.007,,,False,solid,#17becf,Vector extraction from Brown et al. (2024) Figure 2 PDF,"Brown et al. (2024), Figure 2",https://doi.org/10.1029/2024JA032659,Plot-precision value; not a replacement for the original study data.,True
Emmert 2015,1967–2005,profile,3,-2.711838,325.98,,,False,solid,#17becf,Vector extraction from Brown et al. (2024) Figure 2 PDF,"Brown et al. (2024), Figure 2",https://doi.org/10.1029/2024JA032659,Plot-precision value; not a replacement for the original study data.,True
Emmert 2015,1967–2005,profile,4,-2.780894,349.292,,,False,solid,#17becf,Vector extraction from Brown et al. (2024) Figure 2 PDF,"Brown et al. (2024), Figure 2",https://doi.org/10.1029/2024JA032659,Plot-precision value; not a replacement for the original study data.,True
Emmert 2015,1967–2005,profile,5,-2.836207,370.071,,,False,solid,#17becf,Vector extraction from Brown et al. (2024) Figure 2 PDF,"Brown et al. (2024), Figure 2",https://doi.org/10.1029/2024JA032659,Plot-precision value; not a replacement for the original study data.,True
Emmert 2015,1967–2005,profile,6,-2.877606,386.459,,,False,solid,#17becf,Vector extraction from Brown et al. (2024) Figure 2 PDF,"Brown et al. (2024), Figure 2",https://doi.org/10.1029/2024JA032659,Plot-precision value; not a replacement for the original study data.,True
Emmert 2015,1967–2005,profile,7,-2.933091,408.5,,,False,solid,#17becf,Vector extraction from Brown et al. (2024) Figure 2 PDF,"Brown et al. (2024), Figure 2",https://doi.org/10.1029/2024JA032659,Plot-precision value; not a replacement for the original study data.,True
Emmert 2015,1967–2005,profile,8,-2.988405,432.437,,,False,solid,#17becf,Vector extraction from Brown et al. (2024) Figure 2 PDF,"Brown et al. (2024), Figure 2",https://doi.org/10.1029/2024JA032659,Plot-precision value; not a replacement for the original study data.,True
Emmert 2015,1967–2005,profile,9,-3.030148,455.113,,,False,solid,#17becf,Vector extraction from Brown et al. (2024) Figure 2 PDF,"Brown et al. (2024), Figure 2",https://doi.org/10.1029/2024JA032659,Plot-precision value; not a replacement for the original study data.,True
Emmert 2015,1967–2005,profile,10,-3.058148,473.379,,,False,solid,#17becf,Vector extraction from Brown et al. (2024) Figure 2 PDF,"Brown et al. (2024), Figure 2",https://doi.org/10.1029/2024JA032659,Plot-precision value; not a replacement for the original study data.,True
Emmert 2015,1967–2005,profile,11,-3.099719,497.317,,,False,solid,#17becf,Vector extraction from Brown et al. (2024) Figure 2 PDF,"Brown et al. (2024), Figure 2",https://doi.org/10.1029/2024JA032659,Plot-precision value; not a replacement for the original study data.,True
Emmert 2015,1967–2005,profile,12,-3.127719,517.479,,,False,solid,#17becf,Vector extraction from Brown et al. (2024) Figure 2 PDF,"Brown et al. (2024), Figure 2",https://doi.org/10.1029/2024JA032659,Plot-precision value; not a replacement for the original study data.,True
Emmert 2015,1967–2005,profile,13,-3.155719,538.894,,,False,solid,#17becf,Vector extraction from Brown et al. (2024) Figure 2 PDF,"Brown et al. (2024), Figure 2",https://doi.org/10.1029/2024JA032659,Plot-precision value; not a replacement for the original study data.,True
Emmert 2015,1967–2005,profile,14,-3.197977,574.174,,,True,solid,#17becf,Vector extraction from Brown et al. (2024) Figure 2 PDF,"Brown et al. (2024), Figure 2",https://doi.org/10.1029/2024JA032659,Plot-precision value; not a replacement for the original study data.,True
Emmert 2015,1967–2013,profile,0,-1.699534,251.02,,,True,dot,#17becf,Vector extraction from Brown et al. (2024) Figure 2 PDF,"Brown et al. (2024), Figure 2",https://doi.org/10.1029/2024JA032659,Plot-precision value; not a replacement for the original study data.,True
Emmert 2015,1967–2013,profile,1,-1.754676,268.66,,,False,dot,#17becf,Vector extraction from Brown et al. (2024) Figure 2 PDF,"Brown et al. (2024), Figure 2",https://doi.org/10.1029/2024JA032659,Plot-precision value; not a replacement for the original study data.,True
Emmert 2015,1967–2013,profile,2,-1.809989,286.29,,,False,dot,#17becf,Vector extraction from Brown et al. (2024) Figure 2 PDF,"Brown et al. (2024), Figure 2",https://doi.org/10.1029/2024JA032659,Plot-precision value; not a replacement for the original study data.,True
Emmert 2015,1967–2013,profile,3,-1.865302,309.602,,,False,dot,#17becf,Vector extraction from Brown et al. (2024) Figure 2 PDF,"Brown et al. (2024), Figure 2",https://doi.org/10.1029/2024JA032659,Plot-precision value; not a replacement for the original study data.,True
Emmert 2015,1967–2013,profile,4,-1.934702,340.472,,,False,dot,#17becf,Vector extraction from Brown et al. (2024) Figure 2 PDF,"Brown et al. (2024), Figure 2",https://doi.org/10.1029/2024JA032659,Plot-precision value; not a replacement for the original study data.,True
Emmert 2015,1967–2013,profile,5,-1.976273,363.148,,,False,dot,#17becf,Vector extraction from Brown et al. (2024) Figure 2 PDF,"Brown et al. (2024), Figure 2",https://doi.org/10.1029/2024JA032659,Plot-precision value; not a replacement for the original study data.,True
Emmert 2015,1967–2013,profile,6,-2.018016,385.198,,,False,dot,#17becf,Vector extraction from Brown et al. (2024) Figure 2 PDF,"Brown et al. (2024), Figure 2",https://doi.org/10.1029/2024JA032659,Plot-precision value; not a replacement for the original study data.,True
Emmert 2015,1967–2013,profile,7,-2.059758,410.387,,,False,dot,#17becf,Vector extraction from Brown et al. (2024) Figure 2 PDF,"Brown et al. (2024), Figure 2",https://doi.org/10.1029/2024JA032659,Plot-precision value; not a replacement for the original study data.,True
Emmert 2015,1967–2013,profile,8,-2.087759,429.914,,,False,dot,#17becf,Vector extraction from Brown et al. (2024) Figure 2 PDF,"Brown et al. (2024), Figure 2",https://doi.org/10.1029/2024JA032659,Plot-precision value; not a replacement for the original study data.,True
Emmert 2015,1967–2013,profile,9,-2.143759,474.015,,,False,dot,#17becf,Vector extraction from Brown et al. (2024) Figure 2 PDF,"Brown et al. (2024), Figure 2",https://doi.org/10.1029/2024JA032659,Plot-precision value; not a replacement for the original study data.,True
Emmert 2015,1967–2013,profile,10,-2.172103,502.362,,,False,dot,#17becf,Vector extraction from Brown et al. (2024) Figure 2 PDF,"Brown et al. (2024), Figure 2",https://doi.org/10.1029/2024JA032659,Plot-precision value; not a replacement for the original study data.,True
Emmert 2015,1967–2013,profile,11,-2.186532,524.403,,,False,dot,#17becf,Vector extraction from Brown et al. (2024) Figure 2 PDF,"Brown et al. (2024), Figure 2",https://doi.org/10.1029/2024JA032659,Plot-precision value; not a replacement for the original study data.,True
Emmert 2015,1967–2013,profile,12,-2.214705,548.975,,,False,dot,#17becf,Vector extraction from Brown et al. (2024) Figure 2 PDF,"Brown et al. (2024), Figure 2",https://doi.org/10.1029/2024JA032659,Plot-precision value; not a replacement for the original study data.,True
Emmert 2015,1967–2013,profile,13,-2.215392,574.174,,,True,dot,#17becf,Vector extraction from Brown et al. (2024) Figure 2 PDF,"Brown et al. (2024), Figure 2",https://doi.org/10.1029/2024JA032659,Plot-precision value; not a replacement for the original study data.,True
Keating 2000,350 km estimate,point,0,-4.9,350,1.3,1.3,True,none,#1f77b4,Brown et al. (2024) Table 1,"Brown et al. (2024), Figure 2",https://doi.org/10.1029/2024JA032659,Table footnote: value is at 350 km.,True
Marcos 2005,400 km estimate,point,0,-1.7,400,0.2,0.2,True,none,#2ca02c,Brown et al. (2024) Table 1,"Brown et al. (2024), Figure 2",https://doi.org/10.1029/2024JA032659,,True
Qian 2006,high solar activity,point,0,-0.699942,349.994,,,True,none,#008080,Vector extraction from Brown et al. (2024) Figure 2 PDF,"Brown et al. (2024), Figure 2",https://doi.org/10.1029/2024JA032659,Table 2 reports the mean of the 350 and 450 km values.,True
Qian 2006,high solar activity,point,1,-0.799918,450.001,,,True,none,#008080,Vector extraction from Brown et al. (2024) Figure 2 PDF,"Brown et al. (2024), Figure 2",https://doi.org/10.1029/2024JA032659,Table 2 reports the mean of the 350 and 450 km values.,True
Qian 2006,low solar activity,point,2,-2.199931,349.994,,,True,none,#008080,Vector extraction from Brown et al. (2024) Figure 2 PDF,"Brown et al. (2024), Figure 2",https://doi.org/10.1029/2024JA032659,Table 2 reports the mean of the 350 and 450 km values.,True
Qian 2006,low solar activity,point,3,-2.899938,450.001,,,True,none,#008080,Vector extraction from Brown et al. (2024) Figure 2 PDF,"Brown et al. (2024), Figure 2",https://doi.org/10.1029/2024JA032659,Table 2 reports the mean of the 350 and 450 km values.,True
Qian 2011,model profile,profile,0,-1.195701,150.396,,,True,solid,#e377c2,Vector extraction from Brown et al. (2024) Figure 2 PDF,"Brown et al. (2024), Figure 2",https://doi.org/10.1029/2024JA032659,Plot-precision value; not a replacement for the original study data.,True
Qian 2011,model profile,profile,1,-1.195701,160.022,,,False,solid,#e377c2,Vector extraction from Brown et al. (2024) Figure 2 PDF,"Brown et al. (2024), Figure 2",https://doi.org/10.1029/2024JA032659,Plot-precision value; not a replacement for the original study data.,True
Qian 2011,model profile,profile,2,-1.170278,170.255,,,False,solid,#e377c2,Vector extraction from Brown et al. (2024) Figure 2 PDF,"Brown et al. (2024), Figure 2",https://doi.org/10.1029/2024JA032659,Plot-precision value; not a replacement for the original study data.,True
Qian 2011,model profile,profile,3,-1.195701,180.479,,,False,solid,#e377c2,Vector extraction from Brown et al. (2024) Figure 2 PDF,"Brown et al. (2024), Figure 2",https://doi.org/10.1029/2024JA032659,Plot-precision value; not a replacement for the original study data.,True
Qian 2011,model profile,profile,4,-1.170278,190.702,,,False,solid,#e377c2,Vector extraction from Brown et al. (2024) Figure 2 PDF,"Brown et al. (2024), Figure 2",https://doi.org/10.1029/2024JA032659,Plot-precision value; not a replacement for the original study data.,True
Qian 2011,model profile,profile,5,-1.195701,200.328,,,False,solid,#e377c2,Vector extraction from Brown et al. (2024) Figure 2 PDF,"Brown et al. (2024), Figure 2",https://doi.org/10.1029/2024JA032659,Plot-precision value; not a replacement for the original study data.,True
Qian 2011,model profile,profile,6,-1.195701,240.635,,,False,solid,#e377c2,Vector extraction from Brown et al. (2024) Figure 2 PDF,"Brown et al. (2024), Figure 2",https://doi.org/10.1029/2024JA032659,Plot-precision value; not a replacement for the original study data.,True
Qian 2011,model profile,profile,7,-1.220953,250.261,,,False,solid,#e377c2,Vector extraction from Brown et al. (2024) Figure 2 PDF,"Brown et al. (2024), Figure 2",https://doi.org/10.1029/2024JA032659,Plot-precision value; not a replacement for the original study data.,True
Qian 2011,model profile,profile,8,-1.246377,260.485,,,False,solid,#e377c2,Vector extraction from Brown et al. (2024) Figure 2 PDF,"Brown et al. (2024), Figure 2",https://doi.org/10.1029/2024JA032659,Plot-precision value; not a replacement for the original study data.,True
Qian 2011,model profile,profile,9,-1.271628,270.12,,,False,solid,#e377c2,Vector extraction from Brown et al. (2024) Figure 2 PDF,"Brown et al. (2024), Figure 2",https://doi.org/10.1029/2024JA032659,Plot-precision value; not a replacement for the original study data.,True
Qian 2011,model profile,profile,10,-1.322475,290.568,,,False,solid,#e377c2,Vector extraction from Brown et al. (2024) Figure 2 PDF,"Brown et al. (2024), Figure 2",https://doi.org/10.1029/2024JA032659,Plot-precision value; not a replacement for the original study data.,True
Qian 2011,model profile,profile,11,-1.347899,300.194,,,False,solid,#e377c2,Vector extraction from Brown et al. (2024) Figure 2 PDF,"Brown et al. (2024), Figure 2",https://doi.org/10.1029/2024JA032659,Plot-precision value; not a replacement for the original study data.,True
Qian 2011,model profile,profile,12,-1.373151,310.427,,,False,solid,#e377c2,Vector extraction from Brown et al. (2024) Figure 2 PDF,"Brown et al. (2024), Figure 2",https://doi.org/10.1029/2024JA032659,Plot-precision value; not a replacement for the original study data.,True
Qian 2011,model profile,profile,13,-1.398574,320.651,,,False,solid,#e377c2,Vector extraction from Brown et al. (2024) Figure 2 PDF,"Brown et al. (2024), Figure 2",https://doi.org/10.1029/2024JA032659,Plot-precision value; not a replacement for the original study data.,True
Qian 2011,model profile,profile,14,-1.423826,330.277,,,False,solid,#e377c2,Vector extraction from Brown et al. (2024) Figure 2 PDF,"Brown et al. (2024), Figure 2",https://doi.org/10.1029/2024JA032659,Plot-precision value; not a replacement for the original study data.,True
Qian 2011,model profile,profile,15,-1.44925,340.5,,,False,solid,#e377c2,Vector extraction from Brown et al. (2024) Figure 2 PDF,"Brown et al. (2024), Figure 2",https://doi.org/10.1029/2024JA032659,Plot-precision value; not a replacement for the original study data.,True
Qian 2011,model profile,profile,16,-1.474673,350.126,,,False,solid,#e377c2,Vector extraction from Brown et al. (2024) Figure 2 PDF,"Brown et al. (2024), Figure 2",https://doi.org/10.1029/2024JA032659,Plot-precision value; not a replacement for the original study data.,True
Qian 2011,model profile,profile,17,-1.525348,360.36,,,False,solid,#e377c2,Vector extraction from Brown et al. (2024) Figure 2 PDF,"Brown et al. (2024), Figure 2",https://doi.org/10.1029/2024JA032659,Plot-precision value; not a replacement for the original study data.,True
Qian 2011,model profile,profile,18,-1.550772,371.181,,,False,solid,#e377c2,Vector extraction from Brown et al. (2024) Figure 2 PDF,"Brown et al. (2024), Figure 2",https://doi.org/10.1029/2024JA032659,Plot-precision value; not a replacement for the original study data.,True
Qian 2011,model profile,profile,19,-1.576024,380.807,,,False,solid,#e377c2,Vector extraction from Brown et al. (2024) Figure 2 PDF,"Brown et al. (2024), Figure 2",https://doi.org/10.1029/2024JA032659,Plot-precision value; not a replacement for the original study data.,True
Qian 2011,model profile,profile,20,-1.626699,390.433,,,False,solid,#e377c2,Vector extraction from Brown et al. (2024) Figure 2 PDF,"Brown et al. (2024), Figure 2",https://doi.org/10.1029/2024JA032659,Plot-precision value; not a replacement for the original study data.,True
Qian 2011,model profile,profile,21,-1.677546,399.462,,,True,solid,#e377c2,Vector extraction from Brown et al. (2024) Figure 2 PDF,"Brown et al. (2024), Figure 2",https://doi.org/10.1029/2024JA032659,Plot-precision value; not a replacement for the original study data.,True
Saunders 2011,F10.7 bins,profile,0,-1.997917,219.96,,,True,solid,#bcbd22,Vector extraction from Brown et al. (2024) Figure 2 PDF,"Brown et al. (2024), Figure 2",https://doi.org/10.1029/2024JA032659,Plot-precision value; not a replacement for the original study data.,True
Saunders 2011,F10.7 bins,profile,1,-3.877542,599.686,,,True,solid,#bcbd22,Vector extraction from Brown et al. (2024) Figure 2 PDF,"Brown et al. (2024), Figure 2",https://doi.org/10.1029/2024JA032659,Plot-precision value; not a replacement for the original study data.,True
Solomon 2015,kq = 1.5e-12,profile,0,-0.038071,41.852,,,True,solid,#000000,Vector extraction from Brown et al. (2024) Figure 2 PDF,"Brown et al. (2024), Figure 2",https://doi.org/10.1029/2024JA032659,Plot-precision value; not a replacement for the original study data.,True
Solomon 2015,kq = 1.5e-12,profile,1,-0.323399,48.833,,,False,solid,#000000,Vector extraction from Brown et al. (2024) Figure 2 PDF,"Brown et al. (2024), Figure 2",https://doi.org/10.1029/2024JA032659,Plot-precision value; not a replacement for the original study data.,True
Solomon 2015,kq = 1.5e-12,profile,2,-0.570763,54.646,,,False,solid,#000000,Vector extraction from Brown et al. (2024) Figure 2 PDF,"Brown et al. (2024), Figure 2",https://doi.org/10.1029/2024JA032659,Plot-precision value; not a replacement for the original study data.,True
Solomon 2015,kq = 1.5e-12,profile,3,-0.760924,60.46,,,False,solid,#000000,Vector extraction from Brown et al. (2024) Figure 2 PDF,"Brown et al. (2024), Figure 2",https://doi.org/10.1029/2024JA032659,Plot-precision value; not a replacement for the original study data.,True
Solomon 2015,kq = 1.5e-12,profile,4,-0.989221,65.107,,,False,solid,#000000,Vector extraction from Brown et al. (2024) Figure 2 PDF,"Brown et al. (2024), Figure 2",https://doi.org/10.1029/2024JA032659,Plot-precision value; not a replacement for the original study data.,True
Solomon 2015,kq = 1.5e-12,profile,5,-1.217689,68.597,,,False,solid,#000000,Vector extraction from Brown et al. (2024) Figure 2 PDF,"Brown et al. (2024), Figure 2",https://doi.org/10.1029/2024JA032659,Plot-precision value; not a replacement for the original study data.,True
Solomon 2015,kq = 1.5e-12,profile,6,-1.540981,73.254,,,False,solid,#000000,Vector extraction from Brown et al. (2024) Figure 2 PDF,"Brown et al. (2024), Figure 2",https://doi.org/10.1029/2024JA032659,Plot-precision value; not a replacement for the original study data.,True
Solomon 2015,kq = 1.5e-12,profile,7,-1.883511,77.901,,,False,solid,#000000,Vector extraction from Brown et al. (2024) Figure 2 PDF,"Brown et al. (2024), Figure 2",https://doi.org/10.1029/2024JA032659,Plot-precision value; not a replacement for the original study data.,True
Solomon 2015,kq = 1.5e-12,profile,8,-2.24511,83.714,,,False,solid,#000000,Vector extraction from Brown et al. (2024) Figure 2 PDF,"Brown et al. (2024), Figure 2",https://doi.org/10.1029/2024JA032659,Plot-precision value; not a replacement for the original study data.,True
Solomon 2015,kq = 1.5e-12,profile,9,-2.644672,90.694,,,False,solid,#000000,Vector extraction from Brown et al. (2024) Figure 2 PDF,"Brown et al. (2024), Figure 2",https://doi.org/10.1029/2024JA032659,Plot-precision value; not a replacement for the original study data.,True
Solomon 2015,kq = 1.5e-12,profile,10,-3.405661,99.998,,,False,solid,#000000,Vector extraction from Brown et al. (2024) Figure 2 PDF,"Brown et al. (2024), Figure 2",https://doi.org/10.1029/2024JA032659,Plot-precision value; not a replacement for the original study data.,True
Solomon 2015,kq = 1.5e-12,profile,11,-3.786155,102.322,,,False,solid,#000000,Vector extraction from Brown et al. (2024) Figure 2 PDF,"Brown et al. (2024), Figure 2",https://doi.org/10.1029/2024JA032659,Plot-precision value; not a replacement for the original study data.,True
Solomon 2015,kq = 1.5e-12,profile,12,-4.071483,105.812,,,False,solid,#000000,Vector extraction from Brown et al. (2024) Figure 2 PDF,"Brown et al. (2024), Figure 2",https://doi.org/10.1029/2024JA032659,Plot-precision value; not a replacement for the original study data.,True
Solomon 2015,kq = 1.5e-12,profile,13,-4.185717,106.978,,,False,solid,#000000,Vector extraction from Brown et al. (2024) Figure 2 PDF,"Brown et al. (2024), Figure 2",https://doi.org/10.1029/2024JA032659,Plot-precision value; not a replacement for the original study data.,True
Solomon 2015,kq = 1.5e-12,profile,14,-4.261816,111.625,,,False,solid,#000000,Vector extraction from Brown et al. (2024) Figure 2 PDF,"Brown et al. (2024), Figure 2",https://doi.org/10.1029/2024JA032659,Plot-precision value; not a replacement for the original study data.,True
Solomon 2015,kq = 1.5e-12,profile,15,-4.071483,119.763,,,False,solid,#000000,Vector extraction from Brown et al. (2024) Figure 2 PDF,"Brown et al. (2024), Figure 2",https://doi.org/10.1029/2024JA032659,Plot-precision value; not a replacement for the original study data.,True
Solomon 2015,kq = 1.5e-12,profile,16,-3.862254,127.9,,,False,solid,#000000,Vector extraction from Brown et al. (2024) Figure 2 PDF,"Brown et al. (2024), Figure 2",https://doi.org/10.1029/2024JA032659,Plot-precision value; not a replacement for the original study data.,True
Solomon 2015,kq = 1.5e-12,profile,17,-3.690988,138.37,,,False,solid,#000000,Vector extraction from Brown et al. (2024) Figure 2 PDF,"Brown et al. (2024), Figure 2",https://doi.org/10.1029/2024JA032659,Plot-precision value; not a replacement for the original study data.,True
Solomon 2015,kq = 1.5e-12,profile,18,-3.557858,149.997,,,False,solid,#000000,Vector extraction from Brown et al. (2024) Figure 2 PDF,"Brown et al. (2024), Figure 2",https://doi.org/10.1029/2024JA032659,Plot-precision value; not a replacement for the original study data.,True
Solomon 2015,kq = 1.5e-12,profile,19,-3.443624,166.281,,,False,solid,#000000,Vector extraction from Brown et al. (2024) Figure 2 PDF,"Brown et al. (2024), Figure 2",https://doi.org/10.1029/2024JA032659,Plot-precision value; not a replacement for the original study data.,True
Solomon 2015,kq = 1.5e-12,profile,20,-3.424557,181.389,,,False,solid,#000000,Vector extraction from Brown et al. (2024) Figure 2 PDF,"Brown et al. (2024), Figure 2",https://doi.org/10.1029/2024JA032659,Plot-precision value; not a replacement for the original study data.,True
Solomon 2015,kq = 1.5e-12,profile,21,-3.443624,190.693,,,False,solid,#000000,Vector extraction from Brown et al. (2024) Figure 2 PDF,"Brown et al. (2024), Figure 2",https://doi.org/10.1029/2024JA032659,Plot-precision value; not a replacement for the original study data.,True
Solomon 2015,kq = 1.5e-12,profile,22,-3.500827,206.977,,,False,solid,#000000,Vector extraction from Brown et al. (2024) Figure 2 PDF,"Brown et al. (2024), Figure 2",https://doi.org/10.1029/2024JA032659,Plot-precision value; not a replacement for the original study data.,True
Solomon 2015,kq = 1.5e-12,profile,23,-3.595822,225.574,,,False,solid,#000000,Vector extraction from Brown et al. (2024) Figure 2 PDF,"Brown et al. (2024), Figure 2",https://doi.org/10.1029/2024JA032659,Plot-precision value; not a replacement for the original study data.,True
Solomon 2015,kq = 1.5e-12,profile,24,-3.729124,246.505,,,False,solid,#000000,Vector extraction from Brown et al. (2024) Figure 2 PDF,"Brown et al. (2024), Figure 2",https://doi.org/10.1029/2024JA032659,Plot-precision value; not a replacement for the original study data.,True
Solomon 2015,kq = 1.5e-12,profile,25,-3.900389,274.417,,,False,solid,#000000,Vector extraction from Brown et al. (2024) Figure 2 PDF,"Brown et al. (2024), Figure 2",https://doi.org/10.1029/2024JA032659,Plot-precision value; not a replacement for the original study data.,True
Solomon 2015,kq = 1.5e-12,profile,26,-4.033519,296.505,,,False,solid,#000000,Vector extraction from Brown et al. (2024) Figure 2 PDF,"Brown et al. (2024), Figure 2",https://doi.org/10.1029/2024JA032659,Plot-precision value; not a replacement for the original study data.,True
Solomon 2015,kq = 1.5e-12,profile,27,-4.204785,318.602,,,False,solid,#000000,Vector extraction from Brown et al. (2024) Figure 2 PDF,"Brown et al. (2024), Figure 2",https://doi.org/10.1029/2024JA032659,Plot-precision value; not a replacement for the original study data.,True
Solomon 2015,kq = 1.5e-12,profile,28,-4.394946,341.857,,,False,solid,#000000,Vector extraction from Brown et al. (2024) Figure 2 PDF,"Brown et al. (2024), Figure 2",https://doi.org/10.1029/2024JA032659,Plot-precision value; not a replacement for the original study data.,True
Solomon 2015,kq = 1.5e-12,profile,29,-4.566211,361.621,,,False,solid,#000000,Vector extraction from Brown et al. (2024) Figure 2 PDF,"Brown et al. (2024), Figure 2",https://doi.org/10.1029/2024JA032659,Plot-precision value; not a replacement for the original study data.,True
Solomon 2015,kq = 1.5e-12,profile,30,-4.908742,399.993,,,True,solid,#000000,Vector extraction from Brown et al. (2024) Figure 2 PDF,"Brown et al. (2024), Figure 2",https://doi.org/10.1029/2024JA032659,Plot-precision value; not a replacement for the original study data.,True
Solomon 2015,kq = 3.0e-12,profile,0,-0.019003,39.994,,,True,dash,#000000,Vector extraction from Brown et al. (2024) Figure 2 PDF,"Brown et al. (2024), Figure 2",https://doi.org/10.1029/2024JA032659,Plot-precision value; not a replacement for the original study data.,True
Solomon 2015,kq = 3.0e-12,profile,1,-0.228232,45.817,,,False,dash,#000000,Vector extraction from Brown et al. (2024) Figure 2 PDF,"Brown et al. (2024), Figure 2",https://doi.org/10.1029/2024JA032659,Plot-precision value; not a replacement for the original study data.,True
Solomon 2015,kq = 3.0e-12,profile,2,-0.475596,51.649,,,False,dash,#000000,Vector extraction from Brown et al. (2024) Figure 2 PDF,"Brown et al. (2024), Figure 2",https://doi.org/10.1029/2024JA032659,Plot-precision value; not a replacement for the original study data.,True
Solomon 2015,kq = 3.0e-12,profile,3,-0.684825,57.472,,,False,dash,#000000,Vector extraction from Brown et al. (2024) Figure 2 PDF,"Brown et al. (2024), Figure 2",https://doi.org/10.1029/2024JA032659,Plot-precision value; not a replacement for the original study data.,True
Solomon 2015,kq = 3.0e-12,profile,4,-0.894226,62.129,,,False,dash,#000000,Vector extraction from Brown et al. (2024) Figure 2 PDF,"Brown et al. (2024), Figure 2",https://doi.org/10.1029/2024JA032659,Plot-precision value; not a replacement for the original study data.,True
Solomon 2015,kq = 3.0e-12,profile,5,-1.160486,66.795,,,False,dash,#000000,Vector extraction from Brown et al. (2024) Figure 2 PDF,"Brown et al. (2024), Figure 2",https://doi.org/10.1029/2024JA032659,Plot-precision value; not a replacement for the original study data.,True
Solomon 2015,kq = 3.0e-12,profile,6,-1.483949,71.452,,,False,dash,#000000,Vector extraction from Brown et al. (2024) Figure 2 PDF,"Brown et al. (2024), Figure 2",https://doi.org/10.1029/2024JA032659,Plot-precision value; not a replacement for the original study data.,True
Solomon 2015,kq = 3.0e-12,profile,7,-1.750381,74.951,,,False,dash,#000000,Vector extraction from Brown et al. (2024) Figure 2 PDF,"Brown et al. (2024), Figure 2",https://doi.org/10.1029/2024JA032659,Plot-precision value; not a replacement for the original study data.,True
Solomon 2015,kq = 3.0e-12,profile,8,-1.997746,78.441,,,False,dash,#000000,Vector extraction from Brown et al. (2024) Figure 2 PDF,"Brown et al. (2024), Figure 2",https://doi.org/10.1029/2024JA032659,Plot-precision value; not a replacement for the original study data.,True
Solomon 2015,kq = 3.0e-12,profile,9,-2.206975,80.774,,,False,dash,#000000,Vector extraction from Brown et al. (2024) Figure 2 PDF,"Brown et al. (2024), Figure 2",https://doi.org/10.1029/2024JA032659,Plot-precision value; not a replacement for the original study data.,True
Solomon 2015,kq = 3.0e-12,profile,10,-2.435271,86.597,,,False,dash,#000000,Vector extraction from Brown et al. (2024) Figure 2 PDF,"Brown et al. (2024), Figure 2",https://doi.org/10.1029/2024JA032659,Plot-precision value; not a replacement for the original study data.,True
Solomon 2015,kq = 3.0e-12,profile,11,-2.853901,92.421,,,False,dash,#000000,Vector extraction from Brown et al. (2024) Figure 2 PDF,"Brown et al. (2024), Figure 2",https://doi.org/10.1029/2024JA032659,Plot-precision value; not a replacement for the original study data.,True
Solomon 2015,kq = 3.0e-12,profile,12,-3.291426,97.087,,,False,dash,#000000,Vector extraction from Brown et al. (2024) Figure 2 PDF,"Brown et al. (2024), Figure 2",https://doi.org/10.1029/2024JA032659,Plot-precision value; not a replacement for the original study data.,True
Solomon 2015,kq = 3.0e-12,profile,13,-3.74802,100.577,,,False,dash,#000000,Vector extraction from Brown et al. (2024) Figure 2 PDF,"Brown et al. (2024), Figure 2",https://doi.org/10.1029/2024JA032659,Plot-precision value; not a replacement for the original study data.,True
Solomon 2015,kq = 3.0e-12,profile,14,-3.995384,102.91,,,False,dash,#000000,Vector extraction from Brown et al. (2024) Figure 2 PDF,"Brown et al. (2024), Figure 2",https://doi.org/10.1029/2024JA032659,Plot-precision value; not a replacement for the original study data.,True
Solomon 2015,kq = 3.0e-12,profile,15,-4.204785,105.243,,,False,dash,#000000,Vector extraction from Brown et al. (2024) Figure 2 PDF,"Brown et al. (2024), Figure 2",https://doi.org/10.1029/2024JA032659,Plot-precision value; not a replacement for the original study data.,True
Solomon 2015,kq = 3.0e-12,profile,16,-4.375878,108.733,,,False,dash,#000000,Vector extraction from Brown et al. (2024) Figure 2 PDF,"Brown et al. (2024), Figure 2",https://doi.org/10.1029/2024JA032659,Plot-precision value; not a replacement for the original study data.,True
Solomon 2015,kq = 3.0e-12,profile,17,-4.261816,114.556,,,False,dash,#000000,Vector extraction from Brown et al. (2024) Figure 2 PDF,"Brown et al. (2024), Figure 2",https://doi.org/10.1029/2024JA032659,Plot-precision value; not a replacement for the original study data.,True
Solomon 2015,kq = 3.0e-12,profile,18,-3.881321,122.712,,,False,dash,#000000,Vector extraction from Brown et al. (2024) Figure 2 PDF,"Brown et al. (2024), Figure 2",https://doi.org/10.1029/2024JA032659,Plot-precision value; not a replacement for the original study data.,True
Solomon 2015,kq = 3.0e-12,profile,19,-3.424728,134.368,,,False,dash,#000000,Vector extraction from Brown et al. (2024) Figure 2 PDF,"Brown et al. (2024), Figure 2",https://doi.org/10.1029/2024JA032659,Plot-precision value; not a replacement for the original study data.,True
Solomon 2015,kq = 3.0e-12,profile,20,-3.006099,146.014,,,False,dash,#000000,Vector extraction from Brown et al. (2024) Figure 2 PDF,"Brown et al. (2024), Figure 2",https://doi.org/10.1029/2024JA032659,Plot-precision value; not a replacement for the original study data.,True
Solomon 2015,kq = 3.0e-12,profile,21,-2.6445,158.827,,,False,dash,#000000,Vector extraction from Brown et al. (2024) Figure 2 PDF,"Brown et al. (2024), Figure 2",https://doi.org/10.1029/2024JA032659,Plot-precision value; not a replacement for the original study data.,True
Solomon 2015,kq = 3.0e-12,profile,22,-2.340105,172.806,,,False,dash,#000000,Vector extraction from Brown et al. (2024) Figure 2 PDF,"Brown et al. (2024), Figure 2",https://doi.org/10.1029/2024JA032659,Plot-precision value; not a replacement for the original study data.,True
Solomon 2015,kq = 3.0e-12,profile,23,-2.09274,190.285,,,False,dash,#000000,Vector extraction from Brown et al. (2024) Figure 2 PDF,"Brown et al. (2024), Figure 2",https://doi.org/10.1029/2024JA032659,Plot-precision value; not a replacement for the original study data.,True
Solomon 2015,kq = 3.0e-12,profile,24,-1.902579,211.263,,,False,dash,#000000,Vector extraction from Brown et al. (2024) Figure 2 PDF,"Brown et al. (2024), Figure 2",https://doi.org/10.1029/2024JA032659,Plot-precision value; not a replacement for the original study data.,True
Solomon 2015,kq = 3.0e-12,profile,25,-1.807413,231.066,,,False,dash,#000000,Vector extraction from Brown et al. (2024) Figure 2 PDF,"Brown et al. (2024), Figure 2",https://doi.org/10.1029/2024JA032659,Plot-precision value; not a replacement for the original study data.,True
Solomon 2015,kq = 3.0e-12,profile,26,-1.750381,250.868,,,False,dash,#000000,Vector extraction from Brown et al. (2024) Figure 2 PDF,"Brown et al. (2024), Figure 2",https://doi.org/10.1029/2024JA032659,Plot-precision value; not a replacement for the original study data.,True
Solomon 2015,kq = 3.0e-12,profile,27,-1.712246,276.503,,,False,dash,#000000,Vector extraction from Brown et al. (2024) Figure 2 PDF,"Brown et al. (2024), Figure 2",https://doi.org/10.1029/2024JA032659,Plot-precision value; not a replacement for the original study data.,True
Solomon 2015,kq = 3.0e-12,profile,28,-1.731314,305.628,,,False,dash,#000000,Vector extraction from Brown et al. (2024) Figure 2 PDF,"Brown et al. (2024), Figure 2",https://doi.org/10.1029/2024JA032659,Plot-precision value; not a replacement for the original study data.,True
Solomon 2015,kq = 3.0e-12,profile,29,-1.750381,353.398,,,False,dash,#000000,Vector extraction from Brown et al. (2024) Figure 2 PDF,"Brown et al. (2024), Figure 2",https://doi.org/10.1029/2024JA032659,Plot-precision value; not a replacement for the original study data.,True
Solomon 2015,kq = 3.0e-12,profile,30,-1.788517,386.014,,,False,dash,#000000,Vector extraction from Brown et al. (2024) Figure 2 PDF,"Brown et al. (2024), Figure 2",https://doi.org/10.1029/2024JA032659,Plot-precision value; not a replacement for the original study data.,True
Solomon 2015,kq = 3.0e-12,profile,31,-1.807413,398.826,,,True,dash,#000000,Vector extraction from Brown et al. (2024) Figure 2 PDF,"Brown et al. (2024), Figure 2",https://doi.org/10.1029/2024JA032659,Plot-precision value; not a replacement for the original study data.,True
Solomon 2018,low solar activity,profile,0,-0.081016,0.673,,,True,solid,#4b0082,Vector extraction from Brown et al. (2024) Figure 2 PDF,"Brown et al. (2024), Figure 2",https://doi.org/10.1029/2024JA032659,Plot-precision value; not a replacement for the original study data.,True
Solomon 2018,low solar activity,profile,1,-0.047519,8.858,,,False,solid,#4b0082,Vector extraction from Brown et al. (2024) Figure 2 PDF,"Brown et al. (2024), Figure 2",https://doi.org/10.1029/2024JA032659,Plot-precision value; not a replacement for the original study data.,True
Solomon 2018,low solar activity,profile,2,0.269073,17.716,,,False,solid,#4b0082,Vector extraction from Brown et al. (2024) Figure 2 PDF,"Brown et al. (2024), Figure 2",https://doi.org/10.1029/2024JA032659,Plot-precision value; not a replacement for the original study data.,True
Solomon 2018,low solar activity,profile,3,0.568659,20.438,,,False,solid,#4b0082,Vector extraction from Brown et al. (2024) Figure 2 PDF,"Brown et al. (2024), Figure 2",https://doi.org/10.1029/2024JA032659,Plot-precision value; not a replacement for the original study data.,True
Solomon 2018,low solar activity,profile,4,0.4357,23.16,,,False,solid,#4b0082,Vector extraction from Brown et al. (2024) Figure 2 PDF,"Brown et al. (2024), Figure 2",https://doi.org/10.1029/2024JA032659,Plot-precision value; not a replacement for the original study data.,True
Solomon 2018,low solar activity,profile,5,0.360804,24.525,,,False,solid,#4b0082,Vector extraction from Brown et al. (2024) Figure 2 PDF,"Brown et al. (2024), Figure 2",https://doi.org/10.1029/2024JA032659,Plot-precision value; not a replacement for the original study data.,True
Solomon 2018,low solar activity,profile,6,0.261171,28.613,,,False,solid,#4b0082,Vector extraction from Brown et al. (2024) Figure 2 PDF,"Brown et al. (2024), Figure 2",https://doi.org/10.1029/2024JA032659,Plot-precision value; not a replacement for the original study data.,True
Solomon 2018,low solar activity,profile,7,0.13663,34.749,,,False,solid,#4b0082,Vector extraction from Brown et al. (2024) Figure 2 PDF,"Brown et al. (2024), Figure 2",https://doi.org/10.1029/2024JA032659,Plot-precision value; not a replacement for the original study data.,True
Solomon 2018,low solar activity,profile,8,0.020506,42.241,,,False,solid,#4b0082,Vector extraction from Brown et al. (2024) Figure 2 PDF,"Brown et al. (2024), Figure 2",https://doi.org/10.1029/2024JA032659,Plot-precision value; not a replacement for the original study data.,True
Solomon 2018,low solar activity,profile,9,-0.054218,45.655,,,False,solid,#4b0082,Vector extraction from Brown et al. (2024) Figure 2 PDF,"Brown et al. (2024), Figure 2",https://doi.org/10.1029/2024JA032659,Plot-precision value; not a replacement for the original study data.,True
Solomon 2018,low solar activity,profile,10,-0.187177,49.06,,,False,solid,#4b0082,Vector extraction from Brown et al. (2024) Figure 2 PDF,"Brown et al. (2024), Figure 2",https://doi.org/10.1029/2024JA032659,Plot-precision value; not a replacement for the original study data.,True
Solomon 2018,low solar activity,profile,11,-0.561315,56.552,,,False,solid,#4b0082,Vector extraction from Brown et al. (2024) Figure 2 PDF,"Brown et al. (2024), Figure 2",https://doi.org/10.1029/2024JA032659,Plot-precision value; not a replacement for the original study data.,True
Solomon 2018,low solar activity,profile,12,-0.835649,61.323,,,False,solid,#4b0082,Vector extraction from Brown et al. (2024) Figure 2 PDF,"Brown et al. (2024), Figure 2",https://doi.org/10.1029/2024JA032659,Plot-precision value; not a replacement for the original study data.,True
Solomon 2018,low solar activity,profile,13,-1.118228,65.41,,,False,solid,#4b0082,Vector extraction from Brown et al. (2024) Figure 2 PDF,"Brown et al. (2024), Figure 2",https://doi.org/10.1029/2024JA032659,Plot-precision value; not a replacement for the original study data.,True
Solomon 2018,low solar activity,profile,14,-1.525692,70.181,,,False,solid,#4b0082,Vector extraction from Brown et al. (2024) Figure 2 PDF,"Brown et al. (2024), Figure 2",https://doi.org/10.1029/2024JA032659,Plot-precision value; not a replacement for the original study data.,True
Solomon 2018,low solar activity,profile,15,-1.941402,74.951,,,False,solid,#4b0082,Vector extraction from Brown et al. (2024) Figure 2 PDF,"Brown et al. (2024), Figure 2",https://doi.org/10.1029/2024JA032659,Plot-precision value; not a replacement for the original study data.,True
Solomon 2018,low solar activity,profile,16,-2.174336,78.365,,,False,solid,#4b0082,Vector extraction from Brown et al. (2024) Figure 2 PDF,"Brown et al. (2024), Figure 2",https://doi.org/10.1029/2024JA032659,Plot-precision value; not a replacement for the original study data.,True
Solomon 2018,low solar activity,profile,17,-2.299049,80.404,,,False,solid,#4b0082,Vector extraction from Brown et al. (2024) Figure 2 PDF,"Brown et al. (2024), Figure 2",https://doi.org/10.1029/2024JA032659,Plot-precision value; not a replacement for the original study data.,True
Solomon 2018,low solar activity,profile,18,-2.373774,82.453,,,False,solid,#4b0082,Vector extraction from Brown et al. (2024) Figure 2 PDF,"Brown et al. (2024), Figure 2",https://doi.org/10.1029/2024JA032659,Plot-precision value; not a replacement for the original study data.,True
Solomon 2018,low solar activity,profile,19,-2.390436,83.809,,,False,solid,#4b0082,Vector extraction from Brown et al. (2024) Figure 2 PDF,"Brown et al. (2024), Figure 2",https://doi.org/10.1029/2024JA032659,Plot-precision value; not a replacement for the original study data.,True
Solomon 2018,low solar activity,profile,20,-2.365185,87.214,,,False,solid,#4b0082,Vector extraction from Brown et al. (2024) Figure 2 PDF,"Brown et al. (2024), Figure 2",https://doi.org/10.1029/2024JA032659,Plot-precision value; not a replacement for the original study data.,True
Solomon 2018,low solar activity,profile,21,-2.356767,89.945,,,False,solid,#4b0082,Vector extraction from Brown et al. (2024) Figure 2 PDF,"Brown et al. (2024), Figure 2",https://doi.org/10.1029/2024JA032659,Plot-precision value; not a replacement for the original study data.,True
Solomon 2018,low solar activity,profile,22,-2.398338,92.667,,,False,solid,#4b0082,Vector extraction from Brown et al. (2024) Figure 2 PDF,"Brown et al. (2024), Figure 2",https://doi.org/10.1029/2024JA032659,Plot-precision value; not a replacement for the original study data.,True
Solomon 2018,low solar activity,profile,23,-2.464817,94.716,,,False,solid,#4b0082,Vector extraction from Brown et al. (2024) Figure 2 PDF,"Brown et al. (2024), Figure 2",https://doi.org/10.1029/2024JA032659,Plot-precision value; not a replacement for the original study data.,True
Solomon 2018,low solar activity,profile,24,-2.539542,96.081,,,False,solid,#4b0082,Vector extraction from Brown et al. (2024) Figure 2 PDF,"Brown et al. (2024), Figure 2",https://doi.org/10.1029/2024JA032659,Plot-precision value; not a replacement for the original study data.,True
Solomon 2018,low solar activity,profile,25,-2.664255,98.803,,,False,solid,#4b0082,Vector extraction from Brown et al. (2024) Figure 2 PDF,"Brown et al. (2024), Figure 2",https://doi.org/10.1029/2024JA032659,Plot-precision value; not a replacement for the original study data.,True
Solomon 2018,low solar activity,profile,26,-2.830539,100.169,,,False,solid,#4b0082,Vector extraction from Brown et al. (2024) Figure 2 PDF,"Brown et al. (2024), Figure 2",https://doi.org/10.1029/2024JA032659,Plot-precision value; not a replacement for the original study data.,True
Solomon 2018,low solar activity,profile,27,-2.988405,104.939,,,False,solid,#4b0082,Vector extraction from Brown et al. (2024) Figure 2 PDF,"Brown et al. (2024), Figure 2",https://doi.org/10.1029/2024JA032659,Plot-precision value; not a replacement for the original study data.,True
Solomon 2018,low solar activity,profile,28,-3.071547,106.978,,,False,solid,#4b0082,Vector extraction from Brown et al. (2024) Figure 2 PDF,"Brown et al. (2024), Figure 2",https://doi.org/10.1029/2024JA032659,Plot-precision value; not a replacement for the original study data.,True
Solomon 2018,low solar activity,profile,29,-3.06313,110.383,,,False,solid,#4b0082,Vector extraction from Brown et al. (2024) Figure 2 PDF,"Brown et al. (2024), Figure 2",https://doi.org/10.1029/2024JA032659,Plot-precision value; not a replacement for the original study data.,True
Solomon 2018,low solar activity,profile,30,-2.996479,112.432,,,False,solid,#4b0082,Vector extraction from Brown et al. (2024) Figure 2 PDF,"Brown et al. (2024), Figure 2",https://doi.org/10.1029/2024JA032659,Plot-precision value; not a replacement for the original study data.,True
Solomon 2018,low solar activity,profile,31,-2.913165,115.163,,,False,solid,#4b0082,Vector extraction from Brown et al. (2024) Figure 2 PDF,"Brown et al. (2024), Figure 2",https://doi.org/10.1029/2024JA032659,Plot-precision value; not a replacement for the original study data.,True
Solomon 2018,low solar activity,profile,32,-2.838097,118.568,,,False,solid,#4b0082,Vector extraction from Brown et al. (2024) Figure 2 PDF,"Brown et al. (2024), Figure 2",https://doi.org/10.1029/2024JA032659,Plot-precision value; not a replacement for the original study data.,True
Solomon 2018,low solar activity,profile,33,-2.763029,122.655,,,False,solid,#4b0082,Vector extraction from Brown et al. (2024) Figure 2 PDF,"Brown et al. (2024), Figure 2",https://doi.org/10.1029/2024JA032659,Plot-precision value; not a replacement for the original study data.,True
Solomon 2018,low solar activity,profile,34,-2.704623,126.743,,,False,solid,#4b0082,Vector extraction from Brown et al. (2024) Figure 2 PDF,"Brown et al. (2024), Figure 2",https://doi.org/10.1029/2024JA032659,Plot-precision value; not a replacement for the original study data.,True
Solomon 2018,low solar activity,profile,35,-2.654635,132.196,,,False,solid,#4b0082,Vector extraction from Brown et al. (2024) Figure 2 PDF,"Brown et al. (2024), Figure 2",https://doi.org/10.1029/2024JA032659,Plot-precision value; not a replacement for the original study data.,True
Solomon 2018,low solar activity,profile,36,-2.596058,140.371,,,False,solid,#4b0082,Vector extraction from Brown et al. (2024) Figure 2 PDF,"Brown et al. (2024), Figure 2",https://doi.org/10.1029/2024JA032659,Plot-precision value; not a replacement for the original study data.,True
Solomon 2018,low solar activity,profile,37,-2.553972,148.546,,,False,solid,#4b0082,Vector extraction from Brown et al. (2024) Figure 2 PDF,"Brown et al. (2024), Figure 2",https://doi.org/10.1029/2024JA032659,Plot-precision value; not a replacement for the original study data.,True
Solomon 2018,low solar activity,profile,38,-2.52872,158.087,,,False,solid,#4b0082,Vector extraction from Brown et al. (2024) Figure 2 PDF,"Brown et al. (2024), Figure 2",https://doi.org/10.1029/2024JA032659,Plot-precision value; not a replacement for the original study data.,True
Solomon 2018,low solar activity,profile,39,-2.520131,164.906,,,False,solid,#4b0082,Vector extraction from Brown et al. (2024) Figure 2 PDF,"Brown et al. (2024), Figure 2",https://doi.org/10.1029/2024JA032659,Plot-precision value; not a replacement for the original study data.,True
Solomon 2018,low solar activity,profile,40,-2.519787,171.033,,,False,solid,#4b0082,Vector extraction from Brown et al. (2024) Figure 2 PDF,"Brown et al. (2024), Figure 2",https://doi.org/10.1029/2024JA032659,Plot-precision value; not a replacement for the original study data.,True
Solomon 2018,low solar activity,profile,41,-2.527689,181.256,,,False,solid,#4b0082,Vector extraction from Brown et al. (2024) Figure 2 PDF,"Brown et al. (2024), Figure 2",https://doi.org/10.1029/2024JA032659,Plot-precision value; not a replacement for the original study data.,True
Solomon 2018,low solar activity,profile,42,-2.552254,192.163,,,False,solid,#4b0082,Vector extraction from Brown et al. (2024) Figure 2 PDF,"Brown et al. (2024), Figure 2",https://doi.org/10.1029/2024JA032659,Plot-precision value; not a replacement for the original study data.,True
Solomon 2018,low solar activity,profile,43,-2.634709,208.513,,,False,solid,#4b0082,Vector extraction from Brown et al. (2024) Figure 2 PDF,"Brown et al. (2024), Figure 2",https://doi.org/10.1029/2024JA032659,Plot-precision value; not a replacement for the original study data.,True
Solomon 2018,low solar activity,profile,44,-2.708918,224.19,,,False,solid,#4b0082,Vector extraction from Brown et al. (2024) Figure 2 PDF,"Brown et al. (2024), Figure 2",https://doi.org/10.1029/2024JA032659,Plot-precision value; not a replacement for the original study data.,True
Solomon 2018,low solar activity,profile,45,-2.791544,238.501,,,False,solid,#4b0082,Vector extraction from Brown et al. (2024) Figure 2 PDF,"Brown et al. (2024), Figure 2",https://doi.org/10.1029/2024JA032659,Plot-precision value; not a replacement for the original study data.,True
Solomon 2018,low solar activity,profile,46,-2.932061,262.344,,,False,solid,#4b0082,Vector extraction from Brown et al. (2024) Figure 2 PDF,"Brown et al. (2024), Figure 2",https://doi.org/10.1029/2024JA032659,Plot-precision value; not a replacement for the original study data.,True
Solomon 2018,low solar activity,profile,47,-3.122051,292.332,,,False,solid,#4b0082,Vector extraction from Brown et al. (2024) Figure 2 PDF,"Brown et al. (2024), Figure 2",https://doi.org/10.1029/2024JA032659,Plot-precision value; not a replacement for the original study data.,True
Solomon 2018,low solar activity,profile,48,-3.370102,328.446,,,False,solid,#4b0082,Vector extraction from Brown et al. (2024) Figure 2 PDF,"Brown et al. (2024), Figure 2",https://doi.org/10.1029/2024JA032659,Plot-precision value; not a replacement for the original study data.,True
Solomon 2018,low solar activity,profile,49,-3.560435,353.655,,,False,solid,#4b0082,Vector extraction from Brown et al. (2024) Figure 2 PDF,"Brown et al. (2024), Figure 2",https://doi.org/10.1029/2024JA032659,Plot-precision value; not a replacement for the original study data.,True
Solomon 2018,low solar activity,profile,50,-3.899702,399.319,,,True,solid,#4b0082,Vector extraction from Brown et al. (2024) Figure 2 PDF,"Brown et al. (2024), Figure 2",https://doi.org/10.1029/2024JA032659,Plot-precision value; not a replacement for the original study data.,True
Solomon 2019,high solar activity,profile,0,-0.071912,1.242,,,True,solid,#32cd32,Vector extraction from Brown et al. (2024) Figure 2 PDF,"Brown et al. (2024), Figure 2",https://doi.org/10.1029/2024JA032659,Plot-precision value; not a replacement for the original study data.,True
Solomon 2019,high solar activity,profile,1,-0.054562,7.72,,,False,solid,#32cd32,Vector extraction from Brown et al. (2024) Figure 2 PDF,"Brown et al. (2024), Figure 2",https://doi.org/10.1029/2024JA032659,Plot-precision value; not a replacement for the original study data.,True
Solomon 2019,high solar activity,profile,2,0.032531,11.324,,,False,solid,#32cd32,Vector extraction from Brown et al. (2024) Figure 2 PDF,"Brown et al. (2024), Figure 2",https://doi.org/10.1029/2024JA032659,Plot-precision value; not a replacement for the original study data.,True
Solomon 2019,high solar activity,profile,3,0.110863,12.775,,,False,solid,#32cd32,Vector extraction from Brown et al. (2024) Figure 2 PDF,"Brown et al. (2024), Figure 2",https://doi.org/10.1029/2024JA032659,Plot-precision value; not a replacement for the original study data.,True
Solomon 2019,high solar activity,profile,4,0.189367,14.937,,,False,solid,#32cd32,Vector extraction from Brown et al. (2024) Figure 2 PDF,"Brown et al. (2024), Figure 2",https://doi.org/10.1029/2024JA032659,Plot-precision value; not a replacement for the original study data.,True
Solomon 2019,high solar activity,profile,5,0.258938,17.109,,,False,solid,#32cd32,Vector extraction from Brown et al. (2024) Figure 2 PDF,"Brown et al. (2024), Figure 2",https://doi.org/10.1029/2024JA032659,Plot-precision value; not a replacement for the original study data.,True
Solomon 2019,high solar activity,profile,6,0.346203,17.839,,,False,solid,#32cd32,Vector extraction from Brown et al. (2024) Figure 2 PDF,"Brown et al. (2024), Figure 2",https://doi.org/10.1029/2024JA032659,Plot-precision value; not a replacement for the original study data.,True
Solomon 2019,high solar activity,profile,7,0.450817,17.849,,,False,solid,#32cd32,Vector extraction from Brown et al. (2024) Figure 2 PDF,"Brown et al. (2024), Figure 2",https://doi.org/10.1029/2024JA032659,Plot-precision value; not a replacement for the original study data.,True
Solomon 2019,high solar activity,profile,8,0.590303,19.3,,,False,solid,#32cd32,Vector extraction from Brown et al. (2024) Figure 2 PDF,"Brown et al. (2024), Figure 2",https://doi.org/10.1029/2024JA032659,Plot-precision value; not a replacement for the original study data.,True
Solomon 2019,high solar activity,profile,9,0.459578,21.443,,,False,solid,#32cd32,Vector extraction from Brown et al. (2024) Figure 2 PDF,"Brown et al. (2024), Figure 2",https://doi.org/10.1029/2024JA032659,Plot-precision value; not a replacement for the original study data.,True
Solomon 2019,high solar activity,profile,10,0.372313,22.875,,,False,solid,#32cd32,Vector extraction from Brown et al. (2024) Figure 2 PDF,"Brown et al. (2024), Figure 2",https://doi.org/10.1029/2024JA032659,Plot-precision value; not a replacement for the original study data.,True
Solomon 2019,high solar activity,profile,11,0.302399,25.028,,,False,solid,#32cd32,Vector extraction from Brown et al. (2024) Figure 2 PDF,"Brown et al. (2024), Figure 2",https://doi.org/10.1029/2024JA032659,Plot-precision value; not a replacement for the original study data.,True
Solomon 2019,high solar activity,profile,12,0.241416,27.902,,,False,solid,#32cd32,Vector extraction from Brown et al. (2024) Figure 2 PDF,"Brown et al. (2024), Figure 2",https://doi.org/10.1029/2024JA032659,Plot-precision value; not a replacement for the original study data.,True
Solomon 2019,high solar activity,profile,13,0.180262,31.487,,,False,solid,#32cd32,Vector extraction from Brown et al. (2024) Figure 2 PDF,"Brown et al. (2024), Figure 2",https://doi.org/10.1029/2024JA032659,Plot-precision value; not a replacement for the original study data.,True
Solomon 2019,high solar activity,profile,14,0.101759,35.802,,,False,solid,#32cd32,Vector extraction from Brown et al. (2024) Figure 2 PDF,"Brown et al. (2024), Figure 2",https://doi.org/10.1029/2024JA032659,Plot-precision value; not a replacement for the original study data.,True
Solomon 2019,high solar activity,profile,15,0.040605,39.387,,,False,solid,#32cd32,Vector extraction from Brown et al. (2024) Figure 2 PDF,"Brown et al. (2024), Figure 2",https://doi.org/10.1029/2024JA032659,Plot-precision value; not a replacement for the original study data.,True
Solomon 2019,high solar activity,profile,16,-0.020549,41.539,,,False,solid,#32cd32,Vector extraction from Brown et al. (2024) Figure 2 PDF,"Brown et al. (2024), Figure 2",https://doi.org/10.1029/2024JA032659,Plot-precision value; not a replacement for the original study data.,True
Solomon 2019,high solar activity,profile,17,-0.081703,45.855,,,False,solid,#32cd32,Vector extraction from Brown et al. (2024) Figure 2 PDF,"Brown et al. (2024), Figure 2",https://doi.org/10.1029/2024JA032659,Plot-precision value; not a replacement for the original study data.,True
Solomon 2019,high solar activity,profile,18,-0.177557,47.277,,,False,solid,#32cd32,Vector extraction from Brown et al. (2024) Figure 2 PDF,"Brown et al. (2024), Figure 2",https://doi.org/10.1029/2024JA032659,Plot-precision value; not a replacement for the original study data.,True
Solomon 2019,high solar activity,profile,19,-0.334564,50.862,,,False,solid,#32cd32,Vector extraction from Brown et al. (2024) Figure 2 PDF,"Brown et al. (2024), Figure 2",https://doi.org/10.1029/2024JA032659,Plot-precision value; not a replacement for the original study data.,True
Solomon 2019,high solar activity,profile,20,-0.47405,53.726,,,False,solid,#32cd32,Vector extraction from Brown et al. (2024) Figure 2 PDF,"Brown et al. (2024), Figure 2",https://doi.org/10.1029/2024JA032659,Plot-precision value; not a replacement for the original study data.,True
Solomon 2019,high solar activity,profile,21,-0.622469,56.581,,,False,solid,#32cd32,Vector extraction from Brown et al. (2024) Figure 2 PDF,"Brown et al. (2024), Figure 2",https://doi.org/10.1029/2024JA032659,Plot-precision value; not a replacement for the original study data.,True
Solomon 2019,high solar activity,profile,22,-0.788237,59.445,,,False,solid,#32cd32,Vector extraction from Brown et al. (2024) Figure 2 PDF,"Brown et al. (2024), Figure 2",https://doi.org/10.1029/2024JA032659,Plot-precision value; not a replacement for the original study data.,True
Solomon 2019,high solar activity,profile,23,-0.927723,61.588,,,False,solid,#32cd32,Vector extraction from Brown et al. (2024) Figure 2 PDF,"Brown et al. (2024), Figure 2",https://doi.org/10.1029/2024JA032659,Plot-precision value; not a replacement for the original study data.,True
Solomon 2019,high solar activity,profile,24,-1.136952,64.443,,,False,solid,#32cd32,Vector extraction from Brown et al. (2024) Figure 2 PDF,"Brown et al. (2024), Figure 2",https://doi.org/10.1029/2024JA032659,Plot-precision value; not a replacement for the original study data.,True
Solomon 2019,high solar activity,profile,25,-1.354942,67.298,,,False,solid,#32cd32,Vector extraction from Brown et al. (2024) Figure 2 PDF,"Brown et al. (2024), Figure 2",https://doi.org/10.1029/2024JA032659,Plot-precision value; not a replacement for the original study data.,True
Solomon 2019,high solar activity,profile,26,-1.642847,70.864,,,False,solid,#32cd32,Vector extraction from Brown et al. (2024) Figure 2 PDF,"Brown et al. (2024), Figure 2",https://doi.org/10.1029/2024JA032659,Plot-precision value; not a replacement for the original study data.,True
Solomon 2019,high solar activity,profile,27,-1.930579,74.439,,,False,solid,#32cd32,Vector extraction from Brown et al. (2024) Figure 2 PDF,"Brown et al. (2024), Figure 2",https://doi.org/10.1029/2024JA032659,Plot-precision value; not a replacement for the original study data.,True
Solomon 2019,high solar activity,profile,28,-2.131219,77.294,,,False,solid,#32cd32,Vector extraction from Brown et al. (2024) Figure 2 PDF,"Brown et al. (2024), Figure 2",https://doi.org/10.1029/2024JA032659,Plot-precision value; not a replacement for the original study data.,True
Solomon 2019,high solar activity,profile,29,-2.262116,78.716,,,False,solid,#32cd32,Vector extraction from Brown et al. (2024) Figure 2 PDF,"Brown et al. (2024), Figure 2",https://doi.org/10.1029/2024JA032659,Plot-precision value; not a replacement for the original study data.,True
Solomon 2019,high solar activity,profile,30,-2.410363,82.301,,,False,solid,#32cd32,Vector extraction from Brown et al. (2024) Figure 2 PDF,"Brown et al. (2024), Figure 2",https://doi.org/10.1029/2024JA032659,Plot-precision value; not a replacement for the original study data.,True
Solomon 2019,high solar activity,profile,31,-2.462756,83.013,,,False,solid,#32cd32,Vector extraction from Brown et al. (2024) Figure 2 PDF,"Brown et al. (2024), Figure 2",https://doi.org/10.1029/2024JA032659,Plot-precision value; not a replacement for the original study data.,True
Solomon 2019,high solar activity,profile,32,-2.506388,88.76,,,False,solid,#32cd32,Vector extraction from Brown et al. (2024) Figure 2 PDF,"Brown et al. (2024), Figure 2",https://doi.org/10.1029/2024JA032659,Plot-precision value; not a replacement for the original study data.,True
Solomon 2019,high solar activity,profile,33,-2.567542,90.913,,,False,solid,#32cd32,Vector extraction from Brown et al. (2024) Figure 2 PDF,"Brown et al. (2024), Figure 2",https://doi.org/10.1029/2024JA032659,Plot-precision value; not a replacement for the original study data.,True
Solomon 2019,high solar activity,profile,34,-2.689507,93.777,,,False,solid,#32cd32,Vector extraction from Brown et al. (2024) Figure 2 PDF,"Brown et al. (2024), Figure 2",https://doi.org/10.1029/2024JA032659,Plot-precision value; not a replacement for the original study data.,True
Solomon 2019,high solar activity,profile,35,-2.794293,95.93,,,False,solid,#32cd32,Vector extraction from Brown et al. (2024) Figure 2 PDF,"Brown et al. (2024), Figure 2",https://doi.org/10.1029/2024JA032659,Plot-precision value; not a replacement for the original study data.,True
Solomon 2019,high solar activity,profile,36,-2.94254,97.352,,,False,solid,#32cd32,Vector extraction from Brown et al. (2024) Figure 2 PDF,"Brown et al. (2024), Figure 2",https://doi.org/10.1029/2024JA032659,Plot-precision value; not a replacement for the original study data.,True
Solomon 2019,high solar activity,profile,37,-3.134419,100.207,,,False,solid,#32cd32,Vector extraction from Brown et al. (2024) Figure 2 PDF,"Brown et al. (2024), Figure 2",https://doi.org/10.1029/2024JA032659,Plot-precision value; not a replacement for the original study data.,True
Solomon 2019,high solar activity,profile,38,-3.317537,102.35,,,False,solid,#32cd32,Vector extraction from Brown et al. (2024) Figure 2 PDF,"Brown et al. (2024), Figure 2",https://doi.org/10.1029/2024JA032659,Plot-precision value; not a replacement for the original study data.,True
Solomon 2019,high solar activity,profile,39,-3.378691,103.782,,,False,solid,#32cd32,Vector extraction from Brown et al. (2024) Figure 2 PDF,"Brown et al. (2024), Figure 2",https://doi.org/10.1029/2024JA032659,Plot-precision value; not a replacement for the original study data.,True
Solomon 2019,high solar activity,profile,40,-3.413563,105.935,,,False,solid,#32cd32,Vector extraction from Brown et al. (2024) Figure 2 PDF,"Brown et al. (2024), Figure 2",https://doi.org/10.1029/2024JA032659,Plot-precision value; not a replacement for the original study data.,True
Solomon 2019,high solar activity,profile,41,-3.378691,108.097,,,False,solid,#32cd32,Vector extraction from Brown et al. (2024) Figure 2 PDF,"Brown et al. (2024), Figure 2",https://doi.org/10.1029/2024JA032659,Plot-precision value; not a replacement for the original study data.,True
Solomon 2019,high solar activity,profile,42,-3.32647,109.539,,,False,solid,#32cd32,Vector extraction from Brown et al. (2024) Figure 2 PDF,"Brown et al. (2024), Figure 2",https://doi.org/10.1029/2024JA032659,Plot-precision value; not a replacement for the original study data.,True
Solomon 2019,high solar activity,profile,43,-3.247966,110.99,,,False,solid,#32cd32,Vector extraction from Brown et al. (2024) Figure 2 PDF,"Brown et al. (2024), Figure 2",https://doi.org/10.1029/2024JA032659,Plot-precision value; not a replacement for the original study data.,True
Solomon 2019,high solar activity,profile,44,-3.134762,113.152,,,False,solid,#32cd32,Vector extraction from Brown et al. (2024) Figure 2 PDF,"Brown et al. (2024), Figure 2",https://doi.org/10.1029/2024JA032659,Plot-precision value; not a replacement for the original study data.,True
Solomon 2019,high solar activity,profile,45,-3.030148,115.324,,,False,solid,#32cd32,Vector extraction from Brown et al. (2024) Figure 2 PDF,"Brown et al. (2024), Figure 2",https://doi.org/10.1029/2024JA032659,Plot-precision value; not a replacement for the original study data.,True
Solomon 2019,high solar activity,profile,46,-2.899423,118.938,,,False,solid,#32cd32,Vector extraction from Brown et al. (2024) Figure 2 PDF,"Brown et al. (2024), Figure 2",https://doi.org/10.1029/2024JA032659,Plot-precision value; not a replacement for the original study data.,True
Solomon 2019,high solar activity,profile,47,-2.742587,123.272,,,False,solid,#32cd32,Vector extraction from Brown et al. (2024) Figure 2 PDF,"Brown et al. (2024), Figure 2",https://doi.org/10.1029/2024JA032659,Plot-precision value; not a replacement for the original study data.,True
Solomon 2019,high solar activity,profile,48,-2.620623,126.876,,,False,solid,#32cd32,Vector extraction from Brown et al. (2024) Figure 2 PDF,"Brown et al. (2024), Figure 2",https://doi.org/10.1029/2024JA032659,Plot-precision value; not a replacement for the original study data.,True
Solomon 2019,high solar activity,profile,49,-2.455026,131.94,,,False,solid,#32cd32,Vector extraction from Brown et al. (2024) Figure 2 PDF,"Brown et al. (2024), Figure 2",https://doi.org/10.1029/2024JA032659,Plot-precision value; not a replacement for the original study data.,True
Solomon 2019,high solar activity,profile,50,-2.245969,139.148,,,False,solid,#32cd32,Vector extraction from Brown et al. (2024) Figure 2 PDF,"Brown et al. (2024), Figure 2",https://doi.org/10.1029/2024JA032659,Plot-precision value; not a replacement for the original study data.,True
Solomon 2019,high solar activity,profile,51,-2.03674,147.086,,,False,solid,#32cd32,Vector extraction from Brown et al. (2024) Figure 2 PDF,"Brown et al. (2024), Figure 2",https://doi.org/10.1029/2024JA032659,Plot-precision value; not a replacement for the original study data.,True
Solomon 2019,high solar activity,profile,52,-1.888837,153.573,,,False,solid,#32cd32,Vector extraction from Brown et al. (2024) Figure 2 PDF,"Brown et al. (2024), Figure 2",https://doi.org/10.1029/2024JA032659,Plot-precision value; not a replacement for the original study data.,True
Solomon 2019,high solar activity,profile,53,-1.766872,160.06,,,False,solid,#32cd32,Vector extraction from Brown et al. (2024) Figure 2 PDF,"Brown et al. (2024), Figure 2",https://doi.org/10.1029/2024JA032659,Plot-precision value; not a replacement for the original study data.,True
Solomon 2019,high solar activity,profile,54,-1.679779,166.547,,,False,solid,#32cd32,Vector extraction from Brown et al. (2024) Figure 2 PDF,"Brown et al. (2024), Figure 2",https://doi.org/10.1029/2024JA032659,Plot-precision value; not a replacement for the original study data.,True
Solomon 2019,high solar activity,profile,55,-1.610208,173.754,,,False,solid,#32cd32,Vector extraction from Brown et al. (2024) Figure 2 PDF,"Brown et al. (2024), Figure 2",https://doi.org/10.1029/2024JA032659,Plot-precision value; not a replacement for the original study data.,True
Solomon 2019,high solar activity,profile,56,-1.549398,181.664,,,False,solid,#32cd32,Vector extraction from Brown et al. (2024) Figure 2 PDF,"Brown et al. (2024), Figure 2",https://doi.org/10.1029/2024JA032659,Plot-precision value; not a replacement for the original study data.,True
Solomon 2019,high solar activity,profile,57,-1.514698,191.025,,,False,solid,#32cd32,Vector extraction from Brown et al. (2024) Figure 2 PDF,"Brown et al. (2024), Figure 2",https://doi.org/10.1029/2024JA032659,Plot-precision value; not a replacement for the original study data.,True
Solomon 2019,high solar activity,profile,58,-1.497348,198.223,,,False,solid,#32cd32,Vector extraction from Brown et al. (2024) Figure 2 PDF,"Brown et al. (2024), Figure 2",https://doi.org/10.1029/2024JA032659,Plot-precision value; not a replacement for the original study data.,True
Solomon 2019,high solar activity,profile,59,-1.49752,208.295,,,False,solid,#32cd32,Vector extraction from Brown et al. (2024) Figure 2 PDF,"Brown et al. (2024), Figure 2",https://doi.org/10.1029/2024JA032659,Plot-precision value; not a replacement for the original study data.,True
Solomon 2019,high solar activity,profile,60,-1.489103,216.204,,,False,solid,#32cd32,Vector extraction from Brown et al. (2024) Figure 2 PDF,"Brown et al. (2024), Figure 2",https://doi.org/10.1029/2024JA032659,Plot-precision value; not a replacement for the original study data.,True
Solomon 2019,high solar activity,profile,61,-1.498035,225.565,,,False,solid,#32cd32,Vector extraction from Brown et al. (2024) Figure 2 PDF,"Brown et al. (2024), Figure 2",https://doi.org/10.1029/2024JA032659,Plot-precision value; not a replacement for the original study data.,True
Solomon 2019,high solar activity,profile,62,-1.515557,233.475,,,False,solid,#32cd32,Vector extraction from Brown et al. (2024) Figure 2 PDF,"Brown et al. (2024), Figure 2",https://doi.org/10.1029/2024JA032659,Plot-precision value; not a replacement for the original study data.,True
Solomon 2019,high solar activity,profile,63,-1.542011,247.131,,,False,solid,#32cd32,Vector extraction from Brown et al. (2024) Figure 2 PDF,"Brown et al. (2024), Figure 2",https://doi.org/10.1029/2024JA032659,Plot-precision value; not a replacement for the original study data.,True
Solomon 2019,high solar activity,profile,64,-1.594748,265.122,,,False,solid,#32cd32,Vector extraction from Brown et al. (2024) Figure 2 PDF,"Brown et al. (2024), Figure 2",https://doi.org/10.1029/2024JA032659,Plot-precision value; not a replacement for the original study data.,True
Solomon 2019,high solar activity,profile,65,-1.638724,281.662,,,False,solid,#32cd32,Vector extraction from Brown et al. (2024) Figure 2 PDF,"Brown et al. (2024), Figure 2",https://doi.org/10.1029/2024JA032659,Plot-precision value; not a replacement for the original study data.,True
Solomon 2019,high solar activity,profile,66,-1.682528,293.166,,,False,solid,#32cd32,Vector extraction from Brown et al. (2024) Figure 2 PDF,"Brown et al. (2024), Figure 2",https://doi.org/10.1029/2024JA032659,Plot-precision value; not a replacement for the original study data.,True
Solomon 2019,high solar activity,profile,67,-1.717743,306.112,,,False,solid,#32cd32,Vector extraction from Brown et al. (2024) Figure 2 PDF,"Brown et al. (2024), Figure 2",https://doi.org/10.1029/2024JA032659,Plot-precision value; not a replacement for the original study data.,True
Solomon 2019,high solar activity,profile,68,-1.77048,324.814,,,False,solid,#32cd32,Vector extraction from Brown et al. (2024) Figure 2 PDF,"Brown et al. (2024), Figure 2",https://doi.org/10.1029/2024JA032659,Plot-precision value; not a replacement for the original study data.,True
Solomon 2019,high solar activity,profile,69,-1.805695,338.48,,,False,solid,#32cd32,Vector extraction from Brown et al. (2024) Figure 2 PDF,"Brown et al. (2024), Figure 2",https://doi.org/10.1029/2024JA032659,Plot-precision value; not a replacement for the original study data.,True
Solomon 2019,high solar activity,profile,70,-1.910825,368.686,,,False,solid,#32cd32,Vector extraction from Brown et al. (2024) Figure 2 PDF,"Brown et al. (2024), Figure 2",https://doi.org/10.1029/2024JA032659,Plot-precision value; not a replacement for the original study data.,True
Solomon 2019,high solar activity,profile,71,-1.963561,384.506,,,False,solid,#32cd32,Vector extraction from Brown et al. (2024) Figure 2 PDF,"Brown et al. (2024), Figure 2",https://doi.org/10.1029/2024JA032659,Plot-precision value; not a replacement for the original study data.,True
Solomon 2019,high solar activity,profile,72,-2.016298,398.883,,,True,solid,#32cd32,Vector extraction from Brown et al. (2024) Figure 2 PDF,"Brown et al. (2024), Figure 2",https://doi.org/10.1029/2024JA032659,Plot-precision value; not a replacement for the original study data.,True
Weng 2020,1967–2005,profile,0,-1.578429,250.754,,,True,solid,#d62728,Vector extraction from Brown et al. (2024) Figure 2 PDF,"Brown et al. (2024), Figure 2",https://doi.org/10.1029/2024JA032659,Plot-precision value; not a replacement for the original study data.,True
Weng 2020,1967–2005,profile,1,-1.465397,275.943,,,False,solid,#d62728,Vector extraction from Brown et al. (2024) Figure 2 PDF,"Brown et al. (2024), Figure 2",https://doi.org/10.1029/2024JA032659,Plot-precision value; not a replacement for the original study data.,True
Weng 2020,1967–2005,profile,2,-1.485667,325.165,,,False,solid,#d62728,Vector extraction from Brown et al. (2024) Figure 2 PDF,"Brown et al. (2024), Figure 2",https://doi.org/10.1029/2024JA032659,Plot-precision value; not a replacement for the original study data.,True
Weng 2020,1967–2005,profile,3,-1.617938,375.505,,,False,solid,#d62728,Vector extraction from Brown et al. (2024) Figure 2 PDF,"Brown et al. (2024), Figure 2",https://doi.org/10.1029/2024JA032659,Plot-precision value; not a replacement for the original study data.,True
Weng 2020,1967–2005,profile,4,-1.706577,399.566,,,False,solid,#d62728,Vector extraction from Brown et al. (2024) Figure 2 PDF,"Brown et al. (2024), Figure 2",https://doi.org/10.1029/2024JA032659,Plot-precision value; not a replacement for the original study data.,True
Weng 2020,1967–2005,profile,5,-1.811879,425.855,,,False,solid,#d62728,Vector extraction from Brown et al. (2024) Figure 2 PDF,"Brown et al. (2024), Figure 2",https://doi.org/10.1029/2024JA032659,Plot-precision value; not a replacement for the original study data.,True
Weng 2020,1967–2005,profile,6,-1.79848,476.205,,,False,solid,#d62728,Vector extraction from Brown et al. (2024) Figure 2 PDF,"Brown et al. (2024), Figure 2",https://doi.org/10.1029/2024JA032659,Plot-precision value; not a replacement for the original study data.,True
Weng 2020,1967–2005,profile,7,-1.96442,525.417,,,False,solid,#d62728,Vector extraction from Brown et al. (2024) Figure 2 PDF,"Brown et al. (2024), Figure 2",https://doi.org/10.1029/2024JA032659,Plot-precision value; not a replacement for the original study data.,True
Weng 2020,1967–2005,profile,8,-2.008224,550.597,,,False,solid,#d62728,Vector extraction from Brown et al. (2024) Figure 2 PDF,"Brown et al. (2024), Figure 2",https://doi.org/10.1029/2024JA032659,Plot-precision value; not a replacement for the original study data.,True
Weng 2020,1967–2005,profile,9,-1.95669,575.777,,,True,solid,#d62728,Vector extraction from Brown et al. (2024) Figure 2 PDF,"Brown et al. (2024), Figure 2",https://doi.org/10.1029/2024JA032659,Plot-precision value; not a replacement for the original study data.,True
Weng 2020,1967–2013,profile,0,-1.421593,250.764,,,True,dot,#d62728,Vector extraction from Brown et al. (2024) Figure 2 PDF,"Brown et al. (2024), Figure 2",https://doi.org/10.1029/2024JA032659,Plot-precision value; not a replacement for the original study data.,True
Weng 2020,1967–2013,profile,1,-1.426231,275.943,,,False,dot,#d62728,Vector extraction from Brown et al. (2024) Figure 2 PDF,"Brown et al. (2024), Figure 2",https://doi.org/10.1029/2024JA032659,Plot-precision value; not a replacement for the original study data.,True
Weng 2020,1967–2013,profile,2,-1.429667,325.724,,,False,dot,#d62728,Vector extraction from Brown et al. (2024) Figure 2 PDF,"Brown et al. (2024), Figure 2",https://doi.org/10.1029/2024JA032659,Plot-precision value; not a replacement for the original study data.,True
Weng 2020,1967–2013,profile,3,-1.612441,374.955,,,False,dot,#d62728,Vector extraction from Brown et al. (2024) Figure 2 PDF,"Brown et al. (2024), Figure 2",https://doi.org/10.1029/2024JA032659,Plot-precision value; not a replacement for the original study data.,True
Weng 2020,1967–2013,profile,4,-1.628073,400.685,,,False,dot,#d62728,Vector extraction from Brown et al. (2024) Figure 2 PDF,"Brown et al. (2024), Figure 2",https://doi.org/10.1029/2024JA032659,Plot-precision value; not a replacement for the original study data.,True
Weng 2020,1967–2013,profile,5,-1.722209,425.855,,,False,dot,#d62728,Vector extraction from Brown et al. (2024) Figure 2 PDF,"Brown et al. (2024), Figure 2",https://doi.org/10.1029/2024JA032659,Plot-precision value; not a replacement for the original study data.,True
Weng 2020,1967–2013,profile,6,-1.65865,475.086,,,False,dot,#d62728,Vector extraction from Brown et al. (2024) Figure 2 PDF,"Brown et al. (2024), Figure 2",https://doi.org/10.1029/2024JA032659,Plot-precision value; not a replacement for the original study data.,True
Weng 2020,1967–2013,profile,7,-1.779756,525.427,,,False,dot,#d62728,Vector extraction from Brown et al. (2024) Figure 2 PDF,"Brown et al. (2024), Figure 2",https://doi.org/10.1029/2024JA032659,Plot-precision value; not a replacement for the original study data.,True
Weng 2020,1967–2013,profile,8,-1.717056,550.616,,,False,dot,#d62728,Vector extraction from Brown et al. (2024) Figure 2 PDF,"Brown et al. (2024), Figure 2",https://doi.org/10.1029/2024JA032659,Plot-precision value; not a replacement for the original study data.,True
Weng 2020,1967–2013,profile,9,-1.626355,575.227,,,True,dot,#d62728,Vector extraction from Brown et al. (2024) Figure 2 PDF,"Brown et al. (2024), Figure 2",https://doi.org/10.1029/2024JA032659,Plot-precision value; not a replacement for the original study data.,True
